image_path,image_datetime,bucket_name,deployment_name,deployment_id,latitude,longitude,analysis_datetime,recording_session,image_bluriness,crop_status,crop_bluriness,crop_area,cropped_image_path,box_score,box_label,x_min,y_min,x_max,y_max,class_name,class_confidence,order_name,order_confidence,top_1_species,top_2_species,top_3_species,top_4_species,top_5_species,top_1_confidence,top_2_confidence,top_3_confidence,top_4_confidence,top_5_confidence,previous_image,best_match_crop,cnn_cost,iou_cost,box_ratio_cost,dist_ratio_cost,total_cost
/home/users/alyduf25/mothbox/outputs/dep000098/20241226000609-snapshot.jpg,26/12/2024 00:06,aia,Fountain,dep000098,18.252,-63.036,16/12/2025 08:54,25/12/2024,58.583418515553284,crop_1,296.14493180563056,29031.791400100705,NA,"tensor(0.9998, device='cuda:0')","tensor(1, device='cuda:0')",3369.203125,1602.4133056640626,3533.0983333333334,1779.549609,moth,0.9497129321098328,Lepidoptera Micros,0.3587179183959961,Eumorpha vitis,Callopistria floridensis,Spodoptera dolichos,Bonchis munitalis,Mimoschinia rufofascialis,0.71101075,0.08473857,0.08408879,0.024422215,0.014079148,20250725231059-snapshot.jpg,crop_1,0.7997230509210705,1,0.9961878102171507,0.33752018846963905,3.1334310496078603
/home/users/alyduf25/mothbox/outputs/dep000098/20241226000609-snapshot.jpg,26/12/2024 00:06,aia,Fountain,dep000098,18.252,-63.036,16/12/2025 08:54,25/12/2024,58.583418515553284,crop_2,30.761988998620122,7703583.343,NA,"tensor(0.9734, device='cuda:0')","tensor(1, device='cuda:0')",163.1376563,90.19885254,3908.6075,2146.972412109375,moth,0.8834357857704163,Trichoptera,0.5858985185623169,Oenobotys vinotinctalis,Syngamia florella,Streptopalpia minusculalis,Diphthera festiva,Dichogama gudmanni,0.7823722,0.051566098,0.03645911,0.012404894,0.010521379,20250725231059-snapshot.jpg,crop_1,0.19902500373180232,0.08,0.000538348,0.013879460808878872,0.2934428127891306
/home/users/alyduf25/mothbox/outputs/dep000098/20241226000609-snapshot.jpg,26/12/2024 00:06,aia,Fountain,dep000098,18.252,-63.036,16/12/2025 08:54,25/12/2024,58.583418515553284,crop_3,25.012396170998052,18310.37043997192,NA,"tensor(0.9299, device='cuda:0')","tensor(1, device='cuda:0')",952.5504166666667,483.0440185546875,1121.0645833333333,591.7017700195313,nonmoth,0.8919253349304199,Diptera Brachycera,0.5017264485359192,NA,NA,NA,NA,NA,NA,NA,NA,NA,NA,NA,No embedding found for crop_status 'crop_3'. Tracking not possible.,NA,NA,NA,NA,NA
/home/users/alyduf25/mothbox/outputs/dep000098/20241226000609-snapshot.jpg,26/12/2024 00:06,aia,Fountain,dep000098,18.252,-63.036,16/12/2025 08:54,25/12/2024,58.583418515553284,crop_4,116.11862423194613,23524.739243385324,NA,"tensor(0.9037, device='cuda:0')","tensor(1, device='cuda:0')",2110.32875,224.07885131835937,2270.858125,370.6236145019531,nonmoth,0.8988201022148132,Diptera Nematocera,0.33198922872543335,NA,NA,NA,NA,NA,NA,NA,NA,NA,NA,NA,No embedding found for crop_status 'crop_4'. Tracking not possible.,NA,NA,NA,NA,NA
/home/users/alyduf25/mothbox/outputs/dep000098/20250128204650-snapshot.jpg,28/01/2025 20:46,aia,Fountain,dep000098,18.252,-63.036,16/12/2025 08:56,28/01/2025,56.64787864632188,crop_1,73.75227489947625,66226.00980326268,NA,"tensor(1.0000, device='cuda:0')","tensor(1, device='cuda:0')",2375.1183333333333,71.41397552490234,2658.3654166666665,305.22400817871096,moth,0.9497427940368652,Lepidoptera Micros,0.5745607018470764,Metallata absumens,Hemeroplanis scopulepes,Azeta repugnalis,Nepheloleuca politia,Syllepte obscuralis,0.98627824,0.005157632,0.00374625,0.001993071,0.001077417,20250717015409-snapshot.jpg,crop_2,0.6311615905722601,0.81,0.7092373016252197,0.021651117977251538,2.1720500101747313
/home/users/alyduf25/mothbox/outputs/dep000098/20250128204650-snapshot.jpg,28/01/2025 20:46,aia,Fountain,dep000098,18.252,-63.036,16/12/2025 08:56,28/01/2025,56.64787864632188,crop_2,28.74627180374723,7711429.503542047,NA,"tensor(0.9776, device='cuda:0')","tensor(1, device='cuda:0')",82.1990625,18.665908813476562,3782.2616666666668,2102.800781,moth,0.9474957585334778,Trichoptera,0.6290192008018494,Empyreuma pugione,Oenobotys vinotinctalis,Hypena lividalis,Streptopalpia minusculalis,Etiella zinckenella,0.61781675,0.20849617,0.05135718,0.024132984,0.00952538,20250717015409-snapshot.jpg,crop_1,0.28976532447137016,0.050000000000000044,0.040541005,0.013902442396139587,0.394208772
/home/users/alyduf25/mothbox/outputs/dep000098/20250128204130-snapshot.jpg,28/01/2025 20:41,aia,Fountain,dep000098,18.252,-63.036,16/12/2025 09:14,28/01/2025,53.42487638495773,crop_1,51.97251172668494,68360.29752027804,NA,"tensor(0.9999, device='cuda:0')","tensor(1, device='cuda:0')",2360.0039583333332,73.74656524658204,2662.6345833333335,299.63347778320315,moth,0.94955498,Lepidoptera Micros,0.4879142940044403,Metallata absumens,Oenobotys vinotinctalis,Hemeroplanis scopulepes,Nepheloleuca politia,Azeta repugnalis,0.9879925,0.006517347,0.001308704,0.001151955,0.000982345,NA,No species crops from previous image. Tracking not possible.,NA,NA,NA,NA,NA
/home/users/alyduf25/mothbox/outputs/dep000098/20250128204130-snapshot.jpg,28/01/2025 20:41,aia,Fountain,dep000098,18.252,-63.036,16/12/2025 09:14,28/01/2025,53.42487638495773,crop_2,25.06929181,7984130.815915832,NA,"tensor(0.9908, device='cuda:0')","tensor(1, device='cuda:0')",158.97375,0,3903.0633333333335,2132.462548828125,moth,0.9207749962806702,Trichoptera,0.5847741365432739,Oenobotys vinotinctalis,Empyreuma pugione,Streptopalpia minusculalis,Eulepidotis modestula,Cactoblastis cactorum,0.35154596,0.06413274,0.05017672,0.037087314,0.030341463,NA,No species crops from previous image. Tracking not possible.,NA,NA,NA,NA,NA
/home/users/alyduf25/mothbox/outputs/dep000098/20250203035950-snapshot.jpg,03/02/2025 03:59,aia,Fountain,dep000098,18.252,-63.036,16/12/2025 09:16,02/02/2025,55.27262997891302,crop_1,222.1370908165576,122352.73741914376,NA,"tensor(0.9997, device='cuda:0')","tensor(1, device='cuda:0')",1915.3379166666666,668.8162353515625,2456.395625,894.9524414,moth,0.9502102136611938,Lepidoptera Macros,0.8009734153747559,Ascalapha odorata,Pachylia ficus,Condica mobilis,Gonodonta bidens,Diaphania indica,0.9966253,0.002042207,0.000332004,0.000307234,8.1602775e-05,20250528013320-snapshot.jpg,crop_1,0.9813627058190931,0.98,0.9838732532345096,0.091917006,3.0371529649569826
/home/users/alyduf25/mothbox/outputs/dep000098/20250203035950-snapshot.jpg,03/02/2025 03:59,aia,Fountain,dep000098,18.252,-63.036,16/12/2025 09:16,02/02/2025,55.27262997891302,crop_2,26.243292312134137,7699242.196913737,NA,"tensor(0.9787, device='cuda:0')","tensor(1, device='cuda:0')",89.35703125,17.298440551757814,3784.82125,2100.728759765625,moth,0.9504364132881165,Trichoptera,0.6258174777030945,Macaria abydata,Acrolophus walsinghami,Bonchis munitalis,Hypena minualis,Enyo lugubris,0.36452943,0.12603615,0.06600928,0.05220908,0.033101402,20250528013320-snapshot.jpg,crop_1,0.5940952725439065,0.1,0.009142417,0.021267429635908313,0.7245051191505232
/home/users/alyduf25/mothbox/outputs/dep000098/20250831193129-snapshot.jpg,31/08/2025 19:31,aia,Fountain,dep000098,18.252,-63.036,16/12/2025 09:31,31/08/2025,53.398295032619146,crop_1,25.627175071622098,7415063.722069656,NA,"tensor(0.9724, device='cuda:0')","tensor(1, device='cuda:0')",268.9982813,0,3780.4383333333335,2111.687402,nonmoth,0.9351082444190979,Trichoptera,0.41236087679862976,NA,NA,NA,NA,NA,NA,NA,NA,NA,NA,NA,No embedding found for crop_status 'crop_1'. Tracking not possible.,NA,NA,NA,NA,NA
/home/users/alyduf25/mothbox/outputs/dep000098/20250831193129-snapshot.jpg,31/08/2025 19:31,aia,Fountain,dep000098,18.252,-63.036,16/12/2025 09:31,31/08/2025,53.398295032619146,crop_2,193.32141304146302,160350.10057580567,NA,"tensor(0.7229, device='cuda:0')","tensor(1, device='cuda:0')",1237.7285416666666,1223.1331787109375,1718.940313,1556.3546630859375,nonmoth,0.8020051121711731,Lepidoptera Macros,0.5083107352256775,Agrius cingulata,Ascalapha odorata,Spodoptera frugiperda,Manduca afflicta,Disclisioprocta stellata,0.94996524,0.011810179,0.009729535,0.005577305,0.004975495,NA,No species crops from previous image. Tracking not possible.,NA,NA,NA,NA,NA
/home/users/alyduf25/mothbox/outputs/dep000098/20250710185939-snapshot.jpg,10/07/2025 18:59,aia,Fountain,dep000098,18.252,-63.036,17/12/2025 13:43,10/07/2025,43.87815445715182,crop_1,15.994274408344966,7982653.881850801,NA,"tensor(0.9966, device='cuda:0')","tensor(1, device='cuda:0')",125.883125,0,3837.2308333333335,2150.877392578125,nonmoth,0.5785196423530579,Lepidoptera Micros,0.31039369106292725,Lantanophaga pusillidactylus,Megalorhipida leucodactylus,Cactoblastis cactorum,Lobocleta peralbata,Utetheisa pulchella,0.15029328,0.0828094,0.081630476,0.06646971,0.05420889,20241130201240-snapshot.jpg,crop_1,0.042005884,0.030000000000000027,0.022963362361111406,0.00312811,0.098097356
/home/users/alyduf25/mothbox/outputs/dep000098/20250203030250-snapshot.jpg,03/02/2025 03:02,aia,Fountain,dep000098,18.252,-63.036,17/12/2025 13:47,02/02/2025,56.67909511690331,crop_1,214.39287825036558,31505.504918884275,NA,"tensor(0.9977, device='cuda:0')","tensor(1, device='cuda:0')",2803.203125,299.6282592773438,2970.48,487.9717163085937,nonmoth,0.9513010382652283,Lepidoptera Micros,0.2103906124830246,Horama panthalon,Etiella zinckenella,Syngamia florella,Argyria lacteella,Utetheisa ornatrix,0.47131148,0.28205562,0.047547277,0.028665641,0.023045091,20250107191109-snapshot.jpg,crop_1,0.35333896728251224,1,0.9960086563264282,0.24027258754807054,2.589620211157011
/home/users/alyduf25/mothbox/outputs/dep000098/20250203030250-snapshot.jpg,03/02/2025 03:02,aia,Fountain,dep000098,18.252,-63.036,17/12/2025 13:47,02/02/2025,56.67909511690331,crop_2,183.49131350252821,146822.99334617594,NA,"tensor(0.9878, device='cuda:0')","tensor(1, device='cuda:0')",2123.866875,843.1237793,2412.1216666666664,1352.4752197265625,moth,0.9501211047172546,Lepidoptera Micros,0.5207400321960449,Ascalapha odorata,Gonodonta bidens,Pachylia ficus,Azeta repugnalis,Sphacelodes vulneraria,0.39373732,0.15800825,0.11053472,0.060196776,0.036242593,20250107191109-snapshot.jpg,crop_1,0.7821049678817301,0.98,0.981507557,0.051827738,2.7954402626863004
/home/users/alyduf25/mothbox/outputs/dep000098/20250203030250-snapshot.jpg,03/02/2025 03:02,aia,Fountain,dep000098,18.252,-63.036,17/12/2025 13:47,02/02/2025,56.67909511690331,crop_3,27.842365141405416,7910005.432273006,NA,"tensor(0.9637, device='cuda:0')","tensor(1, device='cuda:0')",74.5928125,21.08880615234375,3781.4016666666666,2155.001220703125,moth,0.9509338736534119,Trichoptera,0.6452838778495789,Chrysodeixis includens,Aellopos tantalus,Gonodonta bidens,Enyo lugubris,Horama panthalon,0.97677785,0.002119255,0.001652083,0.001650003,0.001522104,20250107191109-snapshot.jpg,crop_1,0.7506404608839782,0.06,0.008387978,0.021785238,0.8408136769801172
/home/users/alyduf25/mothbox/outputs/dep000098/20250203030250-snapshot.jpg,03/02/2025 03:02,aia,Fountain,dep000098,18.252,-63.036,17/12/2025 13:47,02/02/2025,56.67909511690331,crop_4,120.46137880239229,21330.173794698712,NA,"tensor(0.9454, device='cuda:0')","tensor(1, device='cuda:0')",3588.869166666667,62.08608856201172,3723.337916666667,220.7115966796875,nonmoth,0.9489156603813171,Diptera Nematocera,0.3491188883781433,NA,NA,NA,NA,NA,NA,NA,NA,NA,NA,NA,No embedding found for crop_status 'crop_4'. Tracking not possible.,NA,NA,NA,NA,NA
/home/users/alyduf25/mothbox/outputs/dep000098/20241226022439-snapshot.jpg,26/12/2024 02:24,aia,Fountain,dep000098,18.252,-63.036,17/12/2025 13:49,25/12/2024,60.118776033829825,crop_1,339.39620434538926,27648.084142639163,NA,"tensor(1.0000, device='cuda:0')","tensor(1, device='cuda:0')",2638.0845833333333,136.31086120605468,2822.1495833333333,286.5191253662109,nonmoth,0.9495571255683899,Diptera Nematocera,0.5361080169677734,NA,NA,NA,NA,NA,NA,NA,NA,NA,NA,NA,No embedding found for crop_status 'crop_1'. Tracking not possible.,NA,NA,NA,NA,NA
/home/users/alyduf25/mothbox/outputs/dep000098/20241226022439-snapshot.jpg,26/12/2024 02:24,aia,Fountain,dep000098,18.252,-63.036,17/12/2025 13:49,25/12/2024,60.118776033829825,crop_2,107.59862982923413,44550.30943748469,NA,"tensor(0.9991, device='cuda:0')","tensor(1, device='cuda:0')",3562.025416666667,128.7527069091797,3774.1204166666666,338.8015502929687,moth,0.9512991309165955,Lepidoptera Micros,0.6797187924385071,Cactoblastis cactorum,Spodoptera frugiperda,Magusa orbifera,Erinnyis ello,Elaphria agrotina,0.26997158,0.1210612,0.11077705,0.09211089,0.06626815,20241110183510-snapshot.jpg,crop_2,0.46013075029794137,1,0.6359726064244091,0.12192320450651878,2.218026561228869
/home/users/alyduf25/mothbox/outputs/dep000098/20241226022439-snapshot.jpg,26/12/2024 02:24,aia,Fountain,dep000098,18.252,-63.036,17/12/2025 13:49,25/12/2024,60.118776033829825,crop_3,31.720733210341532,8003415.764921128,NA,"tensor(0.9942, device='cuda:0')","tensor(1, device='cuda:0')",123.5810938,0,3892.5675,2123.492871,moth,0.8229737281799316,Trichoptera,0.6098684072494507,Syngamia florella,Abacena mundula,Hymenia perspectalis,Bonchis munitalis,Melipotis januaris,0.32497388,0.30717364,0.19181204,0.045173824,0.011892027,20241110183510-snapshot.jpg,crop_1,0.28572564715443793,0.030000000000000027,0.007405976,0.007400598,0.33053222101339697
/home/users/alyduf25/mothbox/outputs/dep000098/20241226022439-snapshot.jpg,26/12/2024 02:24,aia,Fountain,dep000098,18.252,-63.036,17/12/2025 13:49,25/12/2024,60.118776033829825,crop_4,360.3082176159226,30348.005697166453,NA,"tensor(0.9881, device='cuda:0')","tensor(1, device='cuda:0')",1958.678125,739.7684692382812,2204.9704166666666,862.9879395,moth,0.9505937695503235,Lepidoptera Micros,0.4219222664833069,Pilocrocis lauralis,Syngamia florella,Glyphodes sibillalis,Apogeshna stenialis,Hymenia perspectalis,0.10456596,0.10128735,0.072963625,0.068739586,0.063791364,20241110183510-snapshot.jpg,crop_2,0.4421026281951822,1,0.4670456020622178,0.24327585729612153,2.1524240875535217
/home/users/alyduf25/mothbox/outputs/dep000098/20250918034739-snapshot.jpg,18/09/2025 03:47,aia,Fountain,dep000098,18.252,-63.036,17/12/2025 13:53,17/09/2025,51.67343418267818,crop_1,28.26192006,32330.48526123046,NA,"tensor(0.9990, device='cuda:0')","tensor(1, device='cuda:0')",2846.05875,1542.7614990234374,3035.009375,1713.8669677734374,moth,0.9488124251365662,Lepidoptera Macros,0.8834787011146545,Oenobotys vinotinctalis,Amyna stricta,Eublemma recta,Scopula umbilicata,Hypena lividalis,0.26718748,0.06188911,0.044771157,0.04350723,0.037915993,20250302225900-snapshot.jpg,crop_1,0.34923667946596937,1,0.9955648421331149,0.2558079983564411,2.6006095199555253
/home/users/alyduf25/mothbox/outputs/dep000098/20250918034739-snapshot.jpg,18/09/2025 03:47,aia,Fountain,dep000098,18.252,-63.036,17/12/2025 13:53,17/09/2025,51.67343418267818,crop_2,47.439039117635595,22022.25541,NA,"tensor(0.9963, device='cuda:0')","tensor(1, device='cuda:0')",3016.3970833333333,382.1840881347656,3142.6529166666664,556.6097351074219,moth,0.9499297142028809,Lepidoptera Macros,0.5548944473266602,Garella nilotica,Acrolophus walsinghami,Scopula umbilicata,Spodoptera albula,Hellula phidilealis,0.78866976,0.059811104,0.016009256,0.013879263,0.013233453,20250302225900-snapshot.jpg,crop_1,0.2990781534300776,1,0.9969713821915538,0.2799287785486568,2.575978314170288
/home/users/alyduf25/mothbox/outputs/dep000098/20250918034739-snapshot.jpg,18/09/2025 03:47,aia,Fountain,dep000098,18.252,-63.036,17/12/2025 13:53,17/09/2025,51.67343418267818,crop_3,42.83566155013751,564047.2781477966,NA,"tensor(0.9948, device='cuda:0')","tensor(1, device='cuda:0')",1879.6860416666666,1334.300098,2624.7275,2091.368408203125,moth,0.9512061476707458,Lepidoptera Macros,0.9497305154800415,Pachylia ficus,Manduca sexta,Manduca afflicta,Xylophanes pluto,Agrius cingulata,0.5989036,0.1830487,0.09259962,0.052046128,0.009410464,20250302225900-snapshot.jpg,crop_1,NA,NA,NA,NA,NA
/home/users/alyduf25/mothbox/outputs/dep000098/20250918034739-snapshot.jpg,18/09/2025 03:47,aia,Fountain,dep000098,18.252,-63.036,17/12/2025 13:53,17/09/2025,51.67343418267818,crop_4,116.3854475426804,282718.22893284424,NA,"tensor(0.9948, device='cuda:0')","tensor(1, device='cuda:0')",1375.8770833333333,280.3895782470703,1761.6777083333334,1013.19873,moth,0.9497672915458679,Lepidoptera Macros,0.9967767596244812,Condica mobilis,Gonodonta bidens,Ascalapha odorata,Condica cupentia,Hypercompe icasia,0.2916924,0.17158468,0.052003633,0.032739,0.026428092,20250302225900-snapshot.jpg,crop_1,0.5812437097863925,0.96,0.9614926194636939,0.11252667696897894,2.6152630062190654
/home/users/alyduf25/mothbox/outputs/dep000098/20250918034739-snapshot.jpg,18/09/2025 03:47,aia,Fountain,dep000098,18.252,-63.036,17/12/2025 13:53,17/09/2025,51.67343418267818,crop_5,47.61395695761801,409945.84496112424,NA,"tensor(0.9696, device='cuda:0')","tensor(1, device='cuda:0')",1997.216875,0,2614.858333333333,663.7278625488282,moth,0.9516246318817139,Lepidoptera Macros,0.5932773351669312,Ascalapha odorata,Manduca afflicta,Agrius cingulata,Erinnyis alope,Herpetogramma phaeopteralis,0.9972537,0.000969868,0.000278322,0.000226565,0.000213862,20250302225900-snapshot.jpg,crop_1,0.7596397889973268,0.94,0.9442099707121915,0.17420858993707267,2.818058349646591
/home/users/alyduf25/mothbox/outputs/dep000098/20250918034739-snapshot.jpg,18/09/2025 03:47,aia,Fountain,dep000098,18.252,-63.036,17/12/2025 13:53,17/09/2025,51.67343418267818,crop_6,16.35276743207404,34952.96610565573,NA,"tensor(0.9554, device='cuda:0')","tensor(1, device='cuda:0')",3626.745,155.9182571411133,3811.829166666667,344.7672912597656,moth,0.949906051,Lepidoptera Macros,0.698361337,Synchlora frondaria,Erastria decrepitaria,Diaphania indica,Macaria abydata,Eublemma recta,0.5203418,0.08628413,0.06812045,0.06658914,0.022182211,20250302225900-snapshot.jpg,crop_1,0.5097312878899951,1,0.995207176,0.42523200740664246,2.9301704710970036
/home/users/alyduf25/mothbox/outputs/dep000098/20250918034739-snapshot.jpg,18/09/2025 03:47,aia,Fountain,dep000098,18.252,-63.036,17/12/2025 13:53,17/09/2025,51.67343418267818,crop_7,29.872802485957827,559588.6758926797,NA,"tensor(0.9199, device='cuda:0')","tensor(1, device='cuda:0')",41.88259766,1203.0136962890624,626.623125,2160,moth,0.9520323276519775,Lepidoptera Macros,0.4679969847202301,Erinnyis alope,Ascalapha odorata,Pachylia ficus,Condica sutor,Helicoverpa zea,0.5472378,0.12475456,0.10519915,0.034906875,0.033552505,20250302225900-snapshot.jpg,crop_1,0.9291882511927835,0.94,0.9238730799468007,0.3684812047866204,3.1615425359262046
/home/users/alyduf25/mothbox/outputs/dep000098/20250918034739-snapshot.jpg,18/09/2025 03:47,aia,Fountain,dep000098,18.252,-63.036,17/12/2025 13:53,17/09/2025,51.67343418267818,crop_8,21.688460091471864,30854.93061950678,NA,"tensor(0.8872, device='cuda:0')","tensor(1, device='cuda:0')",2779.7545833333334,1990.432177734375,2966.798333333333,2155.393212890625,moth,0.6939889192581177,Lepidoptera Micros,0.7563866376876831,Acrolophus walsinghami,Ascalapha odorata,Diaphania indica,Azeta repugnalis,Disclisioprocta stellata,0.2446421,0.061461207,0.05066441,0.043285076,0.031091675,20250302225900-snapshot.jpg,crop_1,0.4137194224596704,1,0.9957661182531503,0.3048774306450073,2.7143629713578274
/home/users/alyduf25/mothbox/outputs/dep000098/20250918034739-snapshot.jpg,18/09/2025 03:47,aia,Fountain,dep000098,18.252,-63.036,17/12/2025 13:53,17/09/2025,51.67343418267818,crop_9,56.72872489,43793.795099006646,NA,"tensor(0.8008, device='cuda:0')","tensor(1, device='cuda:0')",1736.9839583333332,548.6662902832031,1992.0385416666666,720.3699096679687,moth,0.9491525292396545,Lepidoptera Macros,0.9956901669502258,Metallata absumens,Hemeroplanis scopulepes,Nepheloleuca politia,Erastria decrepitaria,Eulepidotis modestula,0.37783754,0.25876024,0.13926005,0.066338584,0.030297348,20250302225900-snapshot.jpg,crop_1,0.6056378943242542,0.99,0.9940006019330091,0.087569377,2.6772078728847415
/home/users/alyduf25/mothbox/outputs/dep000098/20250918034739-snapshot.jpg,18/09/2025 03:47,aia,Fountain,dep000098,18.252,-63.036,17/12/2025 13:53,17/09/2025,51.67343418267818,crop_10,21.94742115309091,92160.56188,NA,"tensor(0.7428, device='cuda:0')","tensor(1, device='cuda:0')",0,1681.6937255859375,204.206875,2133.003516,nonmoth,0.941940963,Lepidoptera Micros,0.4946160316467285,Megalorhipida leucodactylus,Lantanophaga pusillidactylus,Diaphania hyalinata,Diaphania indica,Palpita quadristigmalis,0.3924504,0.13484764,0.106164366,0.05513607,0.048300356,20250302225900-snapshot.jpg,crop_1,0.45728575581074227,1,0.9874078009469235,0.4341156094303744,2.878809166
/home/users/alyduf25/mothbox/outputs/dep000098/20250918034739-snapshot.jpg,18/09/2025 03:47,aia,Fountain,dep000098,18.252,-63.036,17/12/2025 13:53,17/09/2025,51.67343418267818,crop_11,57.45317618143711,14708.456818450903,NA,"tensor(0.7278, device='cuda:0')","tensor(1, device='cuda:0')",2880.099166666667,481.8556274414062,2991.6916666666666,613.6606934,moth,0.9523862,Lepidoptera Micros,0.7746201753616333,Streptopalpia minusculalis,Oenobotys vinotinctalis,Hypena lividalis,Bagisara repanda,Metallata absumens,0.28767416,0.08985772,0.08865878,0.08331264,0.06386236,20250302225900-snapshot.jpg,crop_1,0.3619217397050868,1,0.9979713936080558,0.244638785,2.604531917861032
/home/users/alyduf25/mothbox/outputs/dep000098/20241125034629-snapshot.jpg,25/11/2024 03:46,aia,Fountain,dep000098,18.252,-63.036,17/12/2025 14:00,24/11/2024,65.10792620532246,crop_1,50.12644394911606,60778.658734381184,NA,"tensor(0.9998, device='cuda:0')","tensor(1, device='cuda:0')",1237.6395833333333,30.363701248168944,1450.1916666666666,316.3108337402344,moth,0.9484846591949463,Lepidoptera Macros,0.6118025779724121,Bagisara repanda,Hellula phidilealis,Achyra bifidalis,Chloridea virescens,Eublemma recta,0.40747103,0.18111534,0.110737555,0.05444921,0.03317063,NA,No species crops from previous image. Tracking not possible.,NA,NA,NA,NA,NA
/home/users/alyduf25/mothbox/outputs/dep000098/20241125034629-snapshot.jpg,25/11/2024 03:46,aia,Fountain,dep000098,18.252,-63.036,17/12/2025 14:00,24/11/2024,65.10792620532246,crop_2,40.15069140107931,7781349.827,NA,"tensor(0.9560, device='cuda:0')","tensor(1, device='cuda:0')",103.6032813,0,3706.90625,2159.504736328125,moth,0.951950192,Trichoptera,0.9433605074882507,Erinnyis alope,Enyo lugubris,Xylophanes tersa,Pachylia ficus,Agrius cingulata,0.8692217,0.02851816,0.01637825,0.0160028,0.015883263,NA,No species crops from previous image. Tracking not possible.,NA,NA,NA,NA,NA
/home/users/alyduf25/mothbox/outputs/dep000098/20250203023130-snapshot.jpg,03/02/2025 02:31,aia,Fountain,dep000098,18.252,-63.036,17/12/2025 14:00,02/02/2025,56.80709484579016,crop_1,159.77021644120853,174703.1346368866,NA,"tensor(0.9886, device='cuda:0')","tensor(1, device='cuda:0')",2050.196875,847.7930786132813,2490.893125,1244.218359,moth,0.952363908,Lepidoptera Micros,0.5755749940872192,Gonodonta bidens,Pachylia ficus,Melipotis januaris,Sphacelodes vulneraria,Azeta repugnalis,0.39922613,0.29300243,0.032527782,0.03162154,0.026194314,20251026011400-snapshot.jpg,crop_3,0.6418647197618128,1,0.664719407,0.20148549164535742,2.5080696187364513
/home/users/alyduf25/mothbox/outputs/dep000098/20250203023130-snapshot.jpg,03/02/2025 02:31,aia,Fountain,dep000098,18.252,-63.036,17/12/2025 14:00,02/02/2025,56.80709484579016,crop_2,28.387834087076598,7483975.650617827,NA,"tensor(0.9342, device='cuda:0')","tensor(1, device='cuda:0')",31.424375,130.2337188720703,3748.26,2143.767919921875,moth,0.9511523246765137,Trichoptera,0.8106065392494202,Enyo lugubris,Pachylia ficus,Gonodonta bidens,Aellopos tantalus,Melipotis januaris,0.8788488,0.04456893,0.012693587,0.008105922,0.006317951,20251026011400-snapshot.jpg,crop_14,0.9354930393182623,0.26,0.2326440452703713,0.023221849884824355,1.451358934473458
/home/users/alyduf25/mothbox/outputs/dep000098/20241101023820-snapshot.jpg,01/11/2024 02:38,aia,Fountain,dep000098,18.252,-63.036,17/12/2025 14:02,31/10/2024,49.44519792398369,crop_1,37.59615432279533,39891.43259900952,NA,"tensor(1.0000, device='cuda:0')","tensor(1, device='cuda:0')",789.2258333333333,0,1216.9073958333333,93.27367858886718,moth,0.9494045376777649,Lepidoptera Macros,0.7805041670799255,Megalorhipida leucodactylus,Mimoschinia rufofascialis,Spodoptera albula,Cactoblastis cactorum,Oenobotys vinotinctalis,0.07621801,0.041115806,0.035442073,0.032465354,0.032110877,20250828222239-snapshot.jpg,crop_1,0.31439778900542725,1,0.022145656851309536,0.31455763937599535,1.6511010852327321
/home/users/alyduf25/mothbox/outputs/dep000098/20241101023820-snapshot.jpg,01/11/2024 02:38,aia,Fountain,dep000098,18.252,-63.036,17/12/2025 14:02,31/10/2024,49.44519792398369,crop_2,88.36308781832082,37366.560567855835,NA,"tensor(0.9977, device='cuda:0')","tensor(1, device='cuda:0')",0,1989.101074,218.64713541666666,2160,moth,0.8610702157020569,Lepidoptera Macros,0.587928295,Enyo lugubris,Diaphania hyalinata,Diaphania indica,Ascalapha odorata,Chrysodeixis includens,0.44665363,0.16009666,0.033875518,0.026224803,0.02079528,20250828222239-snapshot.jpg,crop_2,0.8062613470945434,1,0.44622343185428437,0.2572892609118598,2.509774039860688
/home/users/alyduf25/mothbox/outputs/dep000098/20241101023820-snapshot.jpg,01/11/2024 02:38,aia,Fountain,dep000098,18.252,-63.036,17/12/2025 14:02,31/10/2024,49.44519792398369,crop_3,20.59624945757704,7895869.884427688,NA,"tensor(0.9925, device='cuda:0')","tensor(1, device='cuda:0')",182.6740625,0,3868.858333333333,2142.017138671875,moth,0.9262613654136658,Trichoptera,0.6917202472686768,Empyreuma pugione,Oenobotys vinotinctalis,Hypena lividalis,Xylophanes tersa,Streptopalpia minusculalis,0.99376065,0.004157912,0.000637991,0.0003429,0.000194217,20250828222239-snapshot.jpg,crop_4,0.4084094685728802,0.15000000000000002,0.14726083661753242,0.039462023,0.7451323281123553
/home/users/alyduf25/mothbox/outputs/dep000098/20241101023820-snapshot.jpg,01/11/2024 02:38,aia,Fountain,dep000098,18.252,-63.036,17/12/2025 14:02,31/10/2024,49.44519792398369,crop_4,29.636275833026932,46778.53085446356,NA,"tensor(0.9886, device='cuda:0')","tensor(1, device='cuda:0')",336.9436719,1399.097900390625,535.0042188,1635.2808837890625,nonmoth,0.915407121,Lepidoptera Macros,0.48328354954719543,Acrolophus walsinghami,Enyo lugubris,Erastria decrepitaria,Streptopalpia minusculalis,Macaria abydata,0.9847223,0.002711654,0.001640511,0.001174604,0.001054376,20250828222239-snapshot.jpg,crop_2,0.32206222395482964,1,0.5571419314675978,0.20647011769364207,2.0856742731160693
/home/users/alyduf25/mothbox/outputs/dep000098/20241101023820-snapshot.jpg,01/11/2024 02:38,aia,Fountain,dep000098,18.252,-63.036,17/12/2025 14:02,31/10/2024,49.44519792398369,crop_5,53.99738034907829,38874.37420294186,NA,"tensor(0.9873, device='cuda:0')","tensor(1, device='cuda:0')",675.34625,1566.629736328125,862.17875,1774.7004638671874,moth,0.9511682987213135,Lepidoptera Macros,0.7721432447433472,Empyreuma pugione,Metallata absumens,Hypena lividalis,Oenobotys vinotinctalis,Lesmone formularis,0.20331432,0.1999146,0.10331953,0.096036136,0.019700417,20250828222239-snapshot.jpg,crop_2,0.24233185930314116,1,0.46756167004004856,0.12737474728125656,1.8372682766244464
/home/users/alyduf25/mothbox/outputs/dep000098/20241110024349-snapshot.jpg,10/11/2024 02:43,aia,Fountain,dep000098,18.252,-63.036,17/12/2025 14:05,09/11/2024,66.71311747223554,crop_1,630.7892610709035,147586.36708007823,NA,"tensor(0.9876, device='cuda:0')","tensor(1, device='cuda:0')",1946.4358333333332,987.3529541015625,2177.7191666666668,1625.4722900390625,nonmoth,0.9531091451644897,Lepidoptera Macros,0.34458890557289124,Hyles lineata,Manduca rustica,Samea ecclesialis,Utetheisa pulchella,Syngamia florella,0.5806166,0.21264999,0.029047986,0.023989089,0.01979221,20250525014759-snapshot.jpg,crop_1,0.4974004931076006,1,0.6846945024867495,0.3606870041202542,2.5427819997146046
/home/users/alyduf25/mothbox/outputs/dep000098/20241110024349-snapshot.jpg,10/11/2024 02:43,aia,Fountain,dep000098,18.252,-63.036,17/12/2025 14:05,09/11/2024,66.71311747223554,crop_2,73.02575945162467,28770.969117364883,NA,"tensor(0.9723, device='cuda:0')","tensor(1, device='cuda:0')",46.33564453,1108.992041015625,238.06533854166668,1259.052099609375,nonmoth,0.6306872963905334,Lepidoptera Macros,0.2789401113986969,Garella nilotica,Acrolophus walsinghami,Elaphria agrotina,Spodoptera frugiperda,Spodoptera latifascia,0.59135705,0.24717015,0.059949696,0.045122817,0.020744821,20250525014759-snapshot.jpg,crop_1,0.7359737305104594,1,0.3780338758199506,0.28838496462439833,2.402392570954808
/home/users/alyduf25/mothbox/outputs/dep000098/20241110024349-snapshot.jpg,10/11/2024 02:43,aia,Fountain,dep000098,18.252,-63.036,17/12/2025 14:05,09/11/2024,66.71311747223554,crop_3,42.90688792928804,7751154.7112888945,NA,"tensor(0.9523, device='cuda:0')","tensor(1, device='cuda:0')",98.82484375,0,3780.9625,2105.069238,moth,0.789392889,Trichoptera,0.7813250422477722,Megalorhipida leucodactylus,Xylophanes tersa,Etiella zinckenella,Diphthera festiva,Hyles lineata,0.6129422,0.13656962,0.07381968,0.03994757,0.03054216,20250525014759-snapshot.jpg,crop_2,0.31687789446601844,0.12,0.047585877,0.027064975,0.5115287465010817
/home/users/alyduf25/mothbox/outputs/dep000098/20241110024349-snapshot.jpg,10/11/2024 02:43,aia,Fountain,dep000098,18.252,-63.036,17/12/2025 14:05,09/11/2024,66.71311747223554,crop_4,97.08762894704539,17029.086451309184,NA,"tensor(0.9300, device='cuda:0')","tensor(1, device='cuda:0')",1062.5770833333333,1993.632715,1201.2497916666666,2116.4332763671873,moth,0.9501528739929199,Lepidoptera Macros,0.5847160816192627,Hellula phidilealis,Macaria abydata,Herpetogramma bipunctalis,Argyria lacteella,Erastria decrepitaria,0.87202775,0.06354028,0.018188473,0.009442793,0.00591015,20250525014759-snapshot.jpg,crop_2,0.4720517801462928,1,0.9976594509516329,0.28131562712745456,2.7510268582253805
/home/users/alyduf25/mothbox/outputs/dep000098/20241110024349-snapshot.jpg,10/11/2024 02:43,aia,Fountain,dep000098,18.252,-63.036,17/12/2025 14:05,09/11/2024,66.71311747223554,crop_5,192.7526092882461,25330.777122894266,NA,"tensor(0.8450, device='cuda:0')","tensor(1, device='cuda:0')",973.59,1158.0590698242188,1147.7641666666666,1303.492676,nonmoth,0.9502946138381958,Diptera Nematocera,0.7390575408935547,NA,NA,NA,NA,NA,NA,NA,NA,NA,NA,NA,No embedding found for crop_status 'crop_5'. Tracking not possible.,NA,NA,NA,NA,NA
/home/users/alyduf25/mothbox/outputs/dep000098/20250113031120-snapshot.jpg,13/01/2025 03:11,aia,Fountain,dep000098,18.252,-63.036,17/12/2025 14:07,12/01/2025,58.59978821703683,crop_1,215.79256818165794,28281.340781982366,NA,"tensor(0.9999, device='cuda:0')","tensor(1, device='cuda:0')",2776.099166666667,1661.4740478515625,3027.463333333333,1773.9854736328125,moth,0.9513862133026123,Lepidoptera Macros,0.6930666565895081,Erinnyis ello,Spodoptera albula,Garella nilotica,Eumacrodes yponomeutaria,Chloridea virescens,0.6859412,0.16125233,0.02377177,0.014349679,0.013993233,20250828023049-snapshot.jpg,crop_2,0.2768347991943796,1,0.27759481576954304,0.16172753201609943,1.716157146980022
/home/users/alyduf25/mothbox/outputs/dep000098/20250113031120-snapshot.jpg,13/01/2025 03:11,aia,Fountain,dep000098,18.252,-63.036,17/12/2025 14:07,12/01/2025,58.59978821703683,crop_2,214.8889104037512,108215.39140548713,NA,"tensor(0.9986, device='cuda:0')","tensor(1, device='cuda:0')",2020.2025,931.0697754,2252.275416666667,1397.3688720703126,moth,0.9488943815231323,Lepidoptera Micros,0.49211880564689636,Gonodonta sicheas,Azeta repugnalis,Erastria decrepitaria,Gonodonta nutrix,Gonodonta bidens,0.12477136,0.12163121,0.09618252,0.077364616,0.071318775,20250828023049-snapshot.jpg,crop_3,0.45310589922885136,0.98,0.9826978364338991,0.034795761,2.450599497056103
/home/users/alyduf25/mothbox/outputs/dep000098/20250113031120-snapshot.jpg,13/01/2025 03:11,aia,Fountain,dep000098,18.252,-63.036,17/12/2025 14:07,12/01/2025,58.59978821703683,crop_3,189.74476651392803,60133.70437660219,NA,"tensor(0.9981, device='cuda:0')","tensor(1, device='cuda:0')",2576.8766666666666,1262.3751342773437,2873.0954166666666,1465.3795166015625,moth,0.9511374235153198,Lepidoptera Macros,0.968765378,Eulepte concordalis,Eulepte gastralis,Syllepis marialis,Nepheloleuca politia,Herpetogramma bipunctalis,0.32414076,0.12571281,0.108981244,0.103693746,0.07171143,20250828023049-snapshot.jpg,crop_1,0.821589733,1,0.17403227273445088,0.29539642938259464,2.2910184354962637
/home/users/alyduf25/mothbox/outputs/dep000098/20250113031120-snapshot.jpg,13/01/2025 03:11,aia,Fountain,dep000098,18.252,-63.036,17/12/2025 14:07,12/01/2025,58.59978821703683,crop_4,33.23791424891203,7730119.158624847,NA,"tensor(0.9770, device='cuda:0')","tensor(1, device='cuda:0')",129.1354688,0,3856.2541666666666,2074.020117,moth,0.9113768935203552,Trichoptera,0.7377457022666931,Xylophanes tersa,Xylophanes chiron,Xylophanes pluto,Hyles lineata,Pachylia ficus,0.5286738,0.30984604,0.0830044,0.010851044,0.007148591,20250828023049-snapshot.jpg,crop_3,0.5521550397617963,0.18999999999999995,0.18628130034602486,0.045506907506611335,0.9739432476144324
/home/users/alyduf25/mothbox/outputs/dep000098/20250113031120-snapshot.jpg,13/01/2025 03:11,aia,Fountain,dep000098,18.252,-63.036,17/12/2025 14:07,12/01/2025,58.59978821703683,crop_5,324.48540169609964,21764.86966481782,NA,"tensor(0.9284, device='cuda:0')","tensor(1, device='cuda:0')",2376.8741666666665,544.3617370605468,2539.6354166666665,678.0844116210938,moth,0.5236809253692627,Araneae,0.3327043652534485,Mimoschinia rufofascialis,Spodoptera latifascia,Apogeshna stenialis,Condica cupentia,Garella nilotica,0.6710796,0.10371703,0.049308617,0.039175823,0.024877956,20250828023049-snapshot.jpg,crop_2,0.41682749501695493,1,0.062014162104682136,0.10467229207051726,1.5835139491921544
/home/users/alyduf25/mothbox/outputs/dep000098/20241102021909-snapshot.jpg,02/11/2024 02:19,aia,Fountain,dep000098,18.252,-63.036,17/12/2025 14:07,01/11/2024,58.71771854318181,crop_1,92.35478620103542,105661.48788500977,NA,"tensor(0.9999, device='cuda:0')","tensor(1, device='cuda:0')",875.6054166666667,1405.1252197265626,1141.86875,1801.956005859375,moth,0.9488518834114075,Lepidoptera Macros,0.8264593482017517,Erastria decrepitaria,Hemeroplanis scopulepes,Helicoverpa zea,Azeta repugnalis,Metallata absumens,0.6799921,0.20175081,0.021806654,0.00978131,0.008970277,20250803212229-snapshot.jpg,crop_1,0.652403857,0.99,0.9857848584772697,0.24825420508775195,2.8764429201543806
/home/users/alyduf25/mothbox/outputs/dep000098/20241102021909-snapshot.jpg,02/11/2024 02:19,aia,Fountain,dep000098,18.252,-63.036,17/12/2025 14:07,01/11/2024,58.71771854318181,crop_2,73.47821976960424,62383.44915757366,NA,"tensor(0.9998, device='cuda:0')","tensor(1, device='cuda:0')",3075.9445833333334,394.61256408691406,3342.445833333333,628.6957031,moth,0.9509044289588928,Lepidoptera Micros,0.537787139,Diaphania costata,Palpita quadristigmalis,Diaphania hyalinata,Palpita flegia,Argyria lacteella,0.61899483,0.3788834,0.001918034,3.7751743e-05,2.200268e-05,20250803212229-snapshot.jpg,crop_1,0.7298703424711124,0.99,0.9915926192485917,0.2822870398299204,2.9937500015496243
/home/users/alyduf25/mothbox/outputs/dep000098/20241102021909-snapshot.jpg,02/11/2024 02:19,aia,Fountain,dep000098,18.252,-63.036,17/12/2025 14:07,01/11/2024,58.71771854318181,crop_3,77.11647957813594,130050.9084470215,NA,"tensor(0.9998, device='cuda:0')","tensor(1, device='cuda:0')",3254.204583333333,1188.4418701171876,3610.9266666666667,1553.0139404296874,moth,0.950349748,Lepidoptera Macros,0.8772026300430298,Anticarsia gemmatalis,Macaria abydata,Hemeroplanis scopulepes,Erastria decrepitaria,Metallata absumens,0.47754353,0.12236019,0.08494169,0.055160157,0.042327482,20250803212229-snapshot.jpg,crop_1,0.5961508335811361,0.98,0.9825163469853294,0.3045960002384726,2.863263180804938
/home/users/alyduf25/mothbox/outputs/dep000098/20241102021909-snapshot.jpg,02/11/2024 02:19,aia,Fountain,dep000098,18.252,-63.036,17/12/2025 14:07,01/11/2024,58.71771854318181,crop_4,82.51788974539559,53378.84216075136,NA,"tensor(0.9998, device='cuda:0')","tensor(1, device='cuda:0')",3879.1558333333332,469.3574157714844,4090.7966666666666,721.5717041015625,moth,0.9419710040092468,Lepidoptera Micros,0.48385223746299744,Apogeshna stenialis,Mimoschinia rufofascialis,Portentomorpha xanthialis,Azeta repugnalis,Condica cupentia,0.50919914,0.047723357,0.046301402,0.04290652,0.029636204,20250803212229-snapshot.jpg,crop_1,0.6840120750386491,1,0.9928013958395793,0.4330542142994727,3.109867685177701
/home/users/alyduf25/mothbox/outputs/dep000098/20241102021909-snapshot.jpg,02/11/2024 02:19,aia,Fountain,dep000098,18.252,-63.036,17/12/2025 14:07,01/11/2024,58.71771854318181,crop_5,74.69645134,61256.847902209265,NA,"tensor(0.9963, device='cuda:0')","tensor(1, device='cuda:0')",570.5741145833333,858.5002990722656,883.8046875,1054.0650146484375,moth,0.9512545466423035,Lepidoptera Macros,0.5796701312065125,Hemeroplanis scopulepes,Erastria decrepitaria,Macaria abydata,Herpetogramma bipunctalis,Metallata absumens,0.26422846,0.2595058,0.16626598,0.046620864,0.03428397,20250803212229-snapshot.jpg,crop_1,0.5389141022924948,0.99,0.9917421418459497,0.2868281377056424,2.8074843818440867
/home/users/alyduf25/mothbox/outputs/dep000098/20241102021909-snapshot.jpg,02/11/2024 02:19,aia,Fountain,dep000098,18.252,-63.036,17/12/2025 14:07,01/11/2024,58.71771854318181,crop_6,176.72295227285989,34020.97967374416,NA,"tensor(0.9946, device='cuda:0')","tensor(1, device='cuda:0')",2846.83125,1254.5649536132812,3018.186875,1453.1051513671875,moth,0.9511552453041077,Lepidoptera Macros,0.9847398400306702,Hemeroplanis scopulepes,Erastria decrepitaria,Metallata absumens,Nepheloleuca politia,Oenobotys vinotinctalis,0.9954341,0.003314772,0.001083923,5.7492798e-05,2.7658898e-05,20250803212229-snapshot.jpg,crop_1,0.6525229740261498,1,0.9954019966954495,0.1984866067076639,2.8464115774292633
/home/users/alyduf25/mothbox/outputs/dep000098/20241102021909-snapshot.jpg,02/11/2024 02:19,aia,Fountain,dep000098,18.252,-63.036,17/12/2025 14:07,01/11/2024,58.71771854318181,crop_7,75.74724130497813,41312.63473894489,NA,"tensor(0.9931, device='cuda:0')","tensor(1, device='cuda:0')",3326.150625,820.2882568359375,3496.575,1062.6986206054687,moth,0.9507162570953369,Lepidoptera Macros,0.618433416,Nepheloleuca politia,Erastria decrepitaria,Metallata absumens,Eublemma cinnamomea,Macaria abydata,0.32987773,0.27977958,0.16384052,0.040855262,0.033713724,20250803212229-snapshot.jpg,crop_1,0.5913158942455747,0.99,0.9944214020963965,0.2969475254919903,2.8726848218339613
/home/users/alyduf25/mothbox/outputs/dep000098/20241102021909-snapshot.jpg,02/11/2024 02:19,aia,Fountain,dep000098,18.252,-63.036,17/12/2025 14:07,01/11/2024,58.71771854318181,crop_8,103.87253025615556,16015.610924813735,NA,"tensor(0.9895, device='cuda:0')","tensor(1, device='cuda:0')",3267.4441666666667,0.4281938552856445,3388.8566666666666,132.33891906738282,nonmoth,0.6568276882171631,Lepidoptera Micros,0.6292921900749207,Etiella zinckenella,Argyria lacteella,Acontia exigua,Empyreuma pugione,Mimoschinia rufofascialis,0.9961599,0.000384324,0.000371631,0.000279663,0.000246611,20250803212229-snapshot.jpg,crop_1,0.40946231082747475,1,0.9978248,0.35679888652483277,2.7640859972532534
/home/users/alyduf25/mothbox/outputs/dep000098/20241102021909-snapshot.jpg,02/11/2024 02:19,aia,Fountain,dep000098,18.252,-63.036,17/12/2025 14:07,01/11/2024,58.71771854318181,crop_9,150.93413817983944,62449.703307037315,NA,"tensor(0.9879, device='cuda:0')","tensor(1, device='cuda:0')",3092.618125,1581.757470703125,3286.39625,1904.031738,moth,0.9535019397735596,Lepidoptera Macros,0.5819432139396667,Chloridea virescens,Spodoptera frugiperda,Ptichodis immunis,Bonchis munitalis,Bagisara repanda,0.3123415,0.044661283,0.04304305,0.038625237,0.027567433,20250803212229-snapshot.jpg,crop_1,0.5035552726582819,0.99,0.9915816934492817,0.2822281769112312,2.767365143018795
/home/users/alyduf25/mothbox/outputs/dep000098/20241102021909-snapshot.jpg,02/11/2024 02:19,aia,Fountain,dep000098,18.252,-63.036,17/12/2025 14:07,01/11/2024,58.71771854318181,crop_10,50.300336567526294,53115.27434714128,NA,"tensor(0.9857, device='cuda:0')","tensor(1, device='cuda:0')",3653.5416666666665,69.96196746826172,3881.6758333333332,302.7866912841797,moth,0.9527672529220581,Lepidoptera Macros,0.5010750889778137,Erastria decrepitaria,Hemeroplanis scopulepes,Nepheloleuca politia,Metallata absumens,Oenobotys vinotinctalis,0.6434076,0.1903397,0.05400254,0.017497256,0.013583825,20250803212229-snapshot.jpg,crop_1,0.6493223135137112,0.99,0.9928370206067897,0.42171561146096814,3.0538749455814687
/home/users/alyduf25/mothbox/outputs/dep000098/20241102021909-snapshot.jpg,02/11/2024 02:19,aia,Fountain,dep000098,18.252,-63.036,17/12/2025 14:07,01/11/2024,58.71771854318181,crop_11,97.19150331910863,21395.288239305497,NA,"tensor(0.9744, device='cuda:0')","tensor(1, device='cuda:0')",1628.0383333333334,164.20163269042968,1775.4189583333334,309.3719238,moth,0.950598955,Lepidoptera Macros,0.6177538633346558,Erastria decrepitaria,Acrolophus walsinghami,Hellula phidilealis,Azeta repugnalis,Macaria abydata,0.21532522,0.17900679,0.17661348,0.06542955,0.049372528,20250803212229-snapshot.jpg,crop_1,0.44742831435849617,1,0.9971003223095889,0.20256955672749236,2.6470981933955775
/home/users/alyduf25/mothbox/outputs/dep000098/20241102021909-snapshot.jpg,02/11/2024 02:19,aia,Fountain,dep000098,18.252,-63.036,17/12/2025 14:07,01/11/2024,58.71771854318181,crop_12,70.62737224,47294.46219329168,NA,"tensor(0.9459, device='cuda:0')","tensor(1, device='cuda:0')",5.190761719,1062.2854248046874,182.33533854166666,1329.2677001953125,moth,0.951521099,Lepidoptera Micros,0.38503482937812805,Herpetogramma bipunctalis,Eulepte concordalis,Gonodonta nutrix,Argyria lacteella,Eulepte gastralis,0.11069571,0.04904304,0.041933514,0.040672775,0.037730608,20250803212229-snapshot.jpg,crop_1,0.6035870856418846,1,0.9936174813085878,0.42212774054322383,3.019332307493696
/home/users/alyduf25/mothbox/outputs/dep000098/20241102021909-snapshot.jpg,02/11/2024 02:19,aia,Fountain,dep000098,18.252,-63.036,17/12/2025 14:07,01/11/2024,58.71771854318181,crop_13,131.11899285249052,22957.777938354455,NA,"tensor(0.9375, device='cuda:0')","tensor(1, device='cuda:0')",3521.9491666666668,679.9977905273438,3672.4258333333332,832.5648193359375,nonmoth,0.9488372802734375,Lepidoptera Micros,0.23068839311599731,Etiella zinckenella,Argyria lacteella,Syngamia florella,Cactoblastis cactorum,Mimoschinia rufofascialis,0.512931,0.03234457,0.03033563,0.025072597,0.024634603,20250803212229-snapshot.jpg,crop_1,0.44872692875290976,1,0.9968900232628167,0.3434221336049822,2.7890390856207086
/home/users/alyduf25/mothbox/outputs/dep000098/20241102021909-snapshot.jpg,02/11/2024 02:19,aia,Fountain,dep000098,18.252,-63.036,17/12/2025 14:07,01/11/2024,58.71771854318181,crop_14,31.45838732368288,6618972.066338268,NA,"tensor(0.8169, device='cuda:0')","tensor(1, device='cuda:0')",134.3923438,258.54856567382814,3724.7208333333333,2102.104688,moth,0.9451841115951538,Trichoptera,0.7611450552940369,Oenobotys vinotinctalis,Azeta repugnalis,Herpetogramma phaeopteralis,Herpetogramma bipunctalis,Metallata absumens,0.11571424,0.06648713,0.06298154,0.054868624,0.048870493,20250803212229-snapshot.jpg,crop_1,0.33032552955472194,0.17000000000000004,0.11435347414375252,0.029577980743142492,0.6442569844416169
/home/users/alyduf25/mothbox/outputs/dep000098/20241102021909-snapshot.jpg,02/11/2024 02:19,aia,Fountain,dep000098,18.252,-63.036,17/12/2025 14:07,01/11/2024,58.71771854318181,crop_15,68.18585933083918,24172.972281738246,NA,"tensor(0.7663, device='cuda:0')","tensor(1, device='cuda:0')",3777.31125,64.83785476684571,3931.55125,221.56096343994142,moth,0.9483307003974915,Lepidoptera Micros,0.3702869117259979,Gonodonta bidens,Gonodonta nutrix,Hyblaea puera,Sphacelodes vulneraria,Gonodonta sicheas,0.23330365,0.15115696,0.14450368,0.06331224,0.049306754,20250803212229-snapshot.jpg,crop_1,0.6779347152994886,1,0.9967264997267078,0.4426461040015009,3.1173073190276974
/home/users/alyduf25/mothbox/outputs/dep000098/20250128205520-snapshot.jpg,28/01/2025 20:55,aia,Fountain,dep000098,18.252,-63.036,17/12/2025 14:14,28/01/2025,46.73063832565999,crop_1,57.27124248956861,70282.15448022794,NA,"tensor(1.0000, device='cuda:0')","tensor(1, device='cuda:0')",2387.357916666667,36.56021690368652,2650.9133333333334,303.2295776367188,moth,0.950890303,Lepidoptera Micros,0.6275020837783813,Metallata absumens,Hemeroplanis scopulepes,Nepheloleuca politia,Azeta repugnalis,Oenobotys vinotinctalis,0.98931026,0.005531357,0.002125055,0.001196406,0.000633791,20241029221040-snapshot.jpg,crop_1,0.571647931,0.99,0.991154832,0.2290806018929321,2.7818833657429063
/home/users/alyduf25/mothbox/outputs/dep000098/20250128205520-snapshot.jpg,28/01/2025 20:55,aia,Fountain,dep000098,18.252,-63.036,17/12/2025 14:14,28/01/2025,46.73063832565999,crop_2,25.028531608612443,7906718.118293839,NA,"tensor(0.9877, device='cuda:0')","tensor(1, device='cuda:0')",68.92328125,0,3790.13625,2124.769043,moth,0.941908598,Trichoptera,0.8404454588890076,Empyreuma pugione,Oenobotys vinotinctalis,Cactoblastis cactorum,Metallata absumens,Streptopalpia minusculalis,0.31046346,0.13220644,0.033544485,0.029377088,0.028187351,20241029221040-snapshot.jpg,crop_1,0.19011443038432196,0.08,0.011656201173247505,0.019423003045506024,0.30119363460307547
/home/users/alyduf25/mothbox/outputs/dep000098/20250128205520-snapshot.jpg,28/01/2025 20:55,aia,Fountain,dep000098,18.252,-63.036,17/12/2025 14:14,28/01/2025,46.73063832565999,crop_3,2096.6421810066495,94641.28189489734,NA,"tensor(0.9524, device='cuda:0')","tensor(1, device='cuda:0')",3841.715,1786.964501953125,4095.420833333333,2160,nonmoth,0.6688466668128967,Vegetation,0.2982489764690399,NA,NA,NA,NA,NA,NA,NA,NA,NA,NA,NA,No embedding found for crop_status 'crop_3'. Tracking not possible.,NA,NA,NA,NA,NA
/home/users/alyduf25/mothbox/outputs/dep000098/20241204020630-snapshot.jpg,04/12/2024 02:06,aia,Fountain,dep000098,18.252,-63.036,17/12/2025 14:26,03/12/2024,46.18172272105263,crop_1,96.68943031889104,70308.08120673177,NA,"tensor(0.9999, device='cuda:0')","tensor(1, device='cuda:0')",883.6858333333333,833.3703918457031,1188.492813,1064.034668,moth,0.9482110738754272,Lepidoptera Macros,0.4218811094760895,Azeta repugnalis,Metallata absumens,Erastria decrepitaria,Sphacelodes vulneraria,Disclisioprocta stellata,0.6809765,0.08755765,0.035540406,0.019849388,0.01288298,NA,No species crops from previous image. Tracking not possible.,NA,NA,NA,NA,NA
/home/users/alyduf25/mothbox/outputs/dep000098/20241204020630-snapshot.jpg,04/12/2024 02:06,aia,Fountain,dep000098,18.252,-63.036,17/12/2025 14:26,03/12/2024,46.18172272105263,crop_2,379.6310107432351,27936.149871734673,NA,"tensor(0.9137, device='cuda:0')","tensor(1, device='cuda:0')",3911.5004166666668,1933.7187744140624,4045.1908333333336,2142.680273,nonmoth,0.9393168687820435,Opiliones,0.32490336894989014,NA,NA,NA,NA,NA,NA,NA,NA,NA,NA,NA,No embedding found for crop_status 'crop_2'. Tracking not possible.,NA,NA,NA,NA,NA
/home/users/alyduf25/mothbox/outputs/dep000098/20241204020630-snapshot.jpg,04/12/2024 02:06,aia,Fountain,dep000098,18.252,-63.036,17/12/2025 14:26,03/12/2024,46.18172272105263,crop_3,18.37638272640992,7644445.530578768,NA,"tensor(0.8365, device='cuda:0')","tensor(1, device='cuda:0')",114.2446875,17.209368896484374,3681.7633333333333,2160,moth,0.9457873702049255,Trichoptera,0.3643169105052948,Herpetogramma phaeopteralis,Neogalea sunia,Acrolophus walsinghami,Asciodes gordialis,Oenobotys vinotinctalis,0.6499283,0.09411447,0.03943731,0.027499322,0.02567789,NA,No species crops from previous image. Tracking not possible.,NA,NA,NA,NA,NA
/home/users/alyduf25/mothbox/outputs/dep000098/20241204020630-snapshot.jpg,04/12/2024 02:06,aia,Fountain,dep000098,18.252,-63.036,17/12/2025 14:26,03/12/2024,46.18172272105263,crop_4,14.759827427820388,4046621.2444837876,NA,"tensor(0.7828, device='cuda:0')","tensor(1, device='cuda:0')",1646.075625,0,3952.505,1754.4960571289062,moth,0.8345688581466675,Lepidoptera Macros,0.4620590806007385,Synchlora frondaria,Lobocleta peralbata,Acrolophus walsinghami,Utetheisa pulchella,Lantanophaga pusillidactylus,0.22181916,0.123505116,0.11752315,0.055192094,0.033123974,NA,No species crops from previous image. Tracking not possible.,NA,NA,NA,NA,NA
/home/users/alyduf25/mothbox/outputs/dep000098/20241102032319-snapshot.jpg,02/11/2024 03:23,aia,Fountain,dep000098,18.252,-63.036,17/12/2025 14:32,01/11/2024,59.42749418947819,crop_1,98.57460989,105596.01558036802,NA,"tensor(1.0000, device='cuda:0')","tensor(1, device='cuda:0')",885.2985416666667,1372.367285,1141.7664583333333,1784.0991577148438,moth,0.950876772,Lepidoptera Macros,0.8176639080047607,Erastria decrepitaria,Hemeroplanis scopulepes,Condica mobilis,Metallata absumens,Elaphria agrotina,0.5023606,0.38326415,0.014177813,0.012767852,0.008980313,20250620023809-snapshot.jpg,crop_1,0.349080803,0.99,0.9855794998270059,0.24205852590612395,2.566718828944794
/home/users/alyduf25/mothbox/outputs/dep000098/20241102032319-snapshot.jpg,02/11/2024 03:23,aia,Fountain,dep000098,18.252,-63.036,17/12/2025 14:32,01/11/2024,59.42749418947819,crop_2,79.76605812,116040.74640605168,NA,"tensor(0.9999, device='cuda:0')","tensor(1, device='cuda:0')",3184.0820833333332,1244.1275024414062,3608.7616666666668,1517.370556640625,moth,0.9484622478485107,Lepidoptera Macros,0.9339212775230408,Anticarsia gemmatalis,Macaria abydata,Lesmone formularis,Mocis latipes,Metallata absumens,0.90008765,0.025657473,0.012541196,0.008441815,0.007340905,20250620023809-snapshot.jpg,crop_1,0.49033349268448734,0.98,0.9841580858629683,0.2982030266849242,2.7526946052323797
/home/users/alyduf25/mothbox/outputs/dep000098/20241102032319-snapshot.jpg,02/11/2024 03:23,aia,Fountain,dep000098,18.252,-63.036,17/12/2025 14:32,01/11/2024,59.42749418947819,crop_3,84.84194185,91832.50942382809,NA,"tensor(0.9980, device='cuda:0')","tensor(1, device='cuda:0')",3770.266666666667,299.3197082519531,4079.6208333333334,596.1720520019531,moth,0.9508416056632996,Lepidoptera Micros,0.370344341,Syngamia florella,Azeta repugnalis,Portentomorpha xanthialis,Condica cupentia,Gonodonta nutrix,0.22328874,0.08511494,0.07654889,0.066678554,0.05220589,20250620023809-snapshot.jpg,crop_1,0.6034269426075798,1,0.9874556604907354,0.43278124396143625,3.023663847059751
/home/users/alyduf25/mothbox/outputs/dep000098/20241102032319-snapshot.jpg,02/11/2024 03:23,aia,Fountain,dep000098,18.252,-63.036,17/12/2025 14:32,01/11/2024,59.42749418947819,crop_4,51.26027670749654,40032.36706159973,NA,"tensor(0.9958, device='cuda:0')","tensor(1, device='cuda:0')",3272.7591666666667,877.7175293,3521.8545833333333,1038.4285034179688,moth,0.947510302,Lepidoptera Macros,0.8586543202400208,Oenobotys vinotinctalis,Metallata absumens,Erastria decrepitaria,Hemeroplanis scopulepes,Nepheloleuca politia,0.17205314,0.16696204,0.15018956,0.08981305,0.0687792,20250620023809-snapshot.jpg,crop_1,0.24893210403426091,0.99,0.9945117432102484,0.29552130344981475,2.528965150694324
/home/users/alyduf25/mothbox/outputs/dep000098/20241102032319-snapshot.jpg,02/11/2024 03:23,aia,Fountain,dep000098,18.252,-63.036,17/12/2025 14:32,01/11/2024,59.42749418947819,crop_5,138.54694259914626,59520.871758911155,NA,"tensor(0.9908, device='cuda:0')","tensor(1, device='cuda:0')",3100.329583333333,1581.3762451171874,3288.557083333333,1897.5939697265626,moth,0.953151286,Lepidoptera Macros,0.4668494760990143,Spodoptera frugiperda,Chloridea virescens,Metallata absumens,Helicoverpa zea,Acrolophus walsinghami,0.21393415,0.10785858,0.06767407,0.038283616,0.037558887,20250620023809-snapshot.jpg,crop_1,0.49811272056458245,0.99,0.9918542534221152,0.28245156747749267,2.762418541
/home/users/alyduf25/mothbox/outputs/dep000098/20241102032319-snapshot.jpg,02/11/2024 03:23,aia,Fountain,dep000098,18.252,-63.036,17/12/2025 14:32,01/11/2024,59.42749418947819,crop_6,52.18925788267483,56509.98799357223,NA,"tensor(0.9886, device='cuda:0')","tensor(1, device='cuda:0')",3646.7683333333334,107.94835052490234,3893.7591666666667,336.7422180175781,moth,0.9503182172775269,Lepidoptera Macros,0.5175352692604065,Erastria decrepitaria,Nepheloleuca politia,Xylophanes pluto,Gonodonta sicheas,Synchlora cupedinaria,0.9722775,0.024875352,0.000524189,0.000419128,0.00025941,20250620023809-snapshot.jpg,crop_1,0.4286036247554166,0.99,0.9922667284619922,0.4217132167949575,2.8325835700123663
/home/users/alyduf25/mothbox/outputs/dep000098/20241102032319-snapshot.jpg,02/11/2024 03:23,aia,Fountain,dep000098,18.252,-63.036,17/12/2025 14:32,01/11/2024,59.42749418947819,crop_7,93.42605531648418,20887.552211379974,NA,"tensor(0.9874, device='cuda:0')","tensor(1, device='cuda:0')",1629.4547916666668,165.01981201171876,1776.2797916666666,307.28136291503904,moth,0.949550986,Lepidoptera Macros,0.47180384397506714,Hellula phidilealis,Azeta repugnalis,Acrolophus walsinghami,Erastria decrepitaria,Melipotis januaris,0.3902497,0.13968246,0.11366091,0.03326168,0.013933699,20250620023809-snapshot.jpg,crop_1,0.3150070781715819,1,0.9971261325507792,0.20547183782522205,2.5176050485475834
/home/users/alyduf25/mothbox/outputs/dep000098/20241102032319-snapshot.jpg,02/11/2024 03:23,aia,Fountain,dep000098,18.252,-63.036,17/12/2025 14:32,01/11/2024,59.42749418947819,crop_8,32.94003913300502,6549834.833461579,NA,"tensor(0.8729, device='cuda:0')","tensor(1, device='cuda:0')",472.7575,86.87848205566407,3785.014166666667,2064.332373046875,nonmoth,0.5351906418800354,Trichoptera,0.8281237483024597,NA,NA,NA,NA,NA,NA,NA,NA,NA,NA,NA,No embedding found for crop_status 'crop_8'. Tracking not possible.,NA,NA,NA,NA,NA
/home/users/alyduf25/mothbox/outputs/dep000098/20241102032319-snapshot.jpg,02/11/2024 03:23,aia,Fountain,dep000098,18.252,-63.036,17/12/2025 14:32,01/11/2024,59.42749418947819,crop_9,72.36164709207316,23571.42939603428,NA,"tensor(0.8421, device='cuda:0')","tensor(1, device='cuda:0')",2367.0016666666666,131.55211944580077,2530.3533333333335,275.8507965087891,moth,0.9494794011116028,Lepidoptera Macros,0.8356968760490417,Mocis latipes,Bagisara repanda,Ptichodis immunis,Chloridea virescens,Ophisma tropicalis,0.9729345,0.011478432,0.002444846,0.002259474,0.001249505,20250620023809-snapshot.jpg,crop_1,0.410597255,1,0.9967594034151187,0.2179547004281994,2.6253113592701407
/home/users/alyduf25/mothbox/outputs/dep000098/20241102032319-snapshot.jpg,02/11/2024 03:23,aia,Fountain,dep000098,18.252,-63.036,17/12/2025 14:32,01/11/2024,59.42749418947819,crop_10,354.5348816344122,56078.201076965335,NA,"tensor(0.7954, device='cuda:0')","tensor(1, device='cuda:0')",2623.460416666667,1288.7263916015625,2905.2458333333334,1487.7366943359375,nonmoth,0.9425674676895142,Lepidoptera Macros,0.6783223748207092,Horama panthalon,Empyreuma pugione,Syngamia florella,Cydosia nobilitella,Nyridela chalciope,0.9014818,0.048750844,0.021528207,0.008048753,0.002405638,20250620023809-snapshot.jpg,crop_1,0.6169111466834488,0.99,0.9923246431981548,0.16650647082889988,2.7657422607105033
/home/users/alyduf25/mothbox/outputs/dep000098/20241102235039-snapshot.jpg,02/11/2024 23:50,aia,Fountain,dep000098,18.252,-63.036,17/12/2025 14:37,02/11/2024,60.373972,crop_1,235.59282451288988,99520.71682,NA,"tensor(0.9999, device='cuda:0')","tensor(1, device='cuda:0')",2264.0316666666668,727.8581909179687,2715.5716666666667,948.2610717773438,moth,0.9500823616981506,Lepidoptera Micros,0.5516542792320251,Anticarsia gemmatalis,Metallata absumens,Azeta repugnalis,Agrius cingulata,Eulepidotis modestula,0.99968207,0.000113189,4.9391376e-05,2.2567907e-05,1.3449682e-05,NA,No species crops from previous image. Tracking not possible.,NA,NA,NA,NA,NA
/home/users/alyduf25/mothbox/outputs/dep000098/20241102235039-snapshot.jpg,02/11/2024 23:50,aia,Fountain,dep000098,18.252,-63.036,17/12/2025 14:37,02/11/2024,60.373972,crop_2,151.59669868392993,45128.77437084959,NA,"tensor(0.9990, device='cuda:0')","tensor(1, device='cuda:0')",2666.97125,432.9440551757813,2874.38625,650.5212524414062,moth,0.9505288600921631,Lepidoptera Micros,0.36092278361320496,Azeta repugnalis,Gonodonta bidens,Portentomorpha xanthialis,Condica cupentia,Manduca rustica,0.1311182,0.08193066,0.080150865,0.07813052,0.056706157,NA,No species crops from previous image. Tracking not possible.,NA,NA,NA,NA,NA
/home/users/alyduf25/mothbox/outputs/dep000098/20241102235039-snapshot.jpg,02/11/2024 23:50,aia,Fountain,dep000098,18.252,-63.036,17/12/2025 14:37,02/11/2024,60.373972,crop_3,32.96996308179415,7395684.657547577,NA,"tensor(0.9709, device='cuda:0')","tensor(1, device='cuda:0')",201.5828125,0,3675.34875,2129.010645,moth,0.9528960585594177,Trichoptera,0.8367050886154175,Diphthera festiva,Apogeshna stenialis,Garella nilotica,Anticarsia gemmatalis,Bonchis munitalis,0.1275518,0.11599522,0.0706448,0.06400766,0.048652776,NA,No species crops from previous image. Tracking not possible.,NA,NA,NA,NA,NA
/home/users/alyduf25/mothbox/outputs/dep000098/20241102235039-snapshot.jpg,02/11/2024 23:50,aia,Fountain,dep000098,18.252,-63.036,17/12/2025 14:37,02/11/2024,60.373972,crop_4,25.19802538605121,28852.697895584137,NA,"tensor(0.9606, device='cuda:0')","tensor(1, device='cuda:0')",3936.56625,323.1609191894531,4089.4175,511.9241638183594,nonmoth,0.8928754925727844,Lepidoptera Micros,0.4272283911705017,Diaphania indica,Empyreuma pugione,Diaphania hyalinata,Megalorhipida leucodactylus,Ascalapha odorata,0.45551696,0.1606166,0.13872743,0.044332568,0.023074627,NA,No species crops from previous image. Tracking not possible.,NA,NA,NA,NA,NA
/home/users/alyduf25/mothbox/outputs/dep000098/20241102235039-snapshot.jpg,02/11/2024 23:50,aia,Fountain,dep000098,18.252,-63.036,17/12/2025 14:37,02/11/2024,60.373972,crop_5,24.52617084296834,95758.00794465061,NA,"tensor(0.9444, device='cuda:0')","tensor(1, device='cuda:0')",3897.4933333333333,11.183910369873047,4081.8725,530.5376403808593,nonmoth,0.945629895,Lepidoptera Micros,0.5380030870437622,Diaphania indica,Synchlora frondaria,Cactoblastis cactorum,Lantanophaga pusillidactylus,Acrolophus walsinghami,0.194357,0.06552165,0.06210104,0.056762356,0.045776352,NA,No species crops from previous image. Tracking not possible.,NA,NA,NA,NA,NA
