image_id,image_file
020369c9-eb81-4fa7-ae63-741e573f0b95,DIOPSIS-231_2025-07-20T17:23:19+02:00.jpg
11ff6e07-1255-491a-839f-93ecab6eba8b,DIOPSIS-231_2025-06-09T13:45:54+02:00.jpg
1c49eb4b-12b6-4a0c-8ac0-326eb108bd60,DIOPSIS-231_2025-07-29T04:38:05+02:00.jpg
212173d6-af3e-4c9f-90fc-8f42e60b430f,DIOPSIS-231_2025-06-14T00:33:47+02:00.jpg
21b944e7-b0ed-4a4f-ae68-c4ff045d3ca7,DIOPSIS-231_2025-06-04T20:35:22+02:00.jpg
2c9a7a44-0536-4d07-b8b3-bdd8be6c38f8,DIOPSIS-231_2025-07-19T04:51:09+02:00.jpg
2fa160ac-995f-42e5-9a40-bce980fd469e,DIOPSIS-231_2025-06-19T12:50:42+02:00.jpg
36a8bebe-4709-40ad-a7a8-fd63601dfb52,DIOPSIS-231_2025-08-18T20:31:22+02:00.jpg
4451baca-57ee-48b7-8b01-5523c75f5f19,DIOPSIS-231_2025-06-30T14:19:41+02:00.jpg
567cd8d8-415b-41c9-b9f4-1035f0d326ee,DIOPSIS-231_2025-06-06T22:52:54+02:00.jpg
5711a200-9f14-46bf-bd6a-6a437961dd1f,DIOPSIS-231_2025-07-19T03:42:19+02:00.jpg
5a0ef65d-85db-44a2-824d-cd1f75be9a5d,DIOPSIS-231_2025-06-15T05:14:55+02:00.jpg
5b90eb8f-fe39-4660-84a1-c5eca447a34b,DIOPSIS-231_2025-08-14T09:42:53+02:00.jpg
5e659373-41e2-4ba4-9b5b-c850af6986ee,DIOPSIS-231_2025-07-23T02:24:42+02:00.jpg
687e810e-825c-4479-918a-680eb25bd805,DIOPSIS-231_2025-07-21T09:50:13+02:00.jpg
6d30a7d3-7027-4200-ac26-ebe096cf6969,DIOPSIS-231_2025-08-15T17:18:24+02:00.jpg
6edc365b-97f4-4472-a6ae-bcd43ab4fa8a,DIOPSIS-231_2025-08-11T22:09:16+02:00.jpg
7e9e2fc7-de6e-42ed-8bc7-b9ae629aa0bb,DIOPSIS-231_2025-08-07T19:53:16+02:00.jpg
8905a5da-9e16-436d-beb4-c041df134bb1,DIOPSIS-231_2025-06-12T22:45:31+02:00.jpg
91dd2f47-1ff5-4b37-8e49-0bfa80902fd7,DIOPSIS-231_2025-07-20T20:48:26+02:00.jpg
95f93fb9-e63c-469d-8c04-778cd543c216,DIOPSIS-231_2025-08-17T12:18:10+02:00.jpg
96916654-178d-409b-ba4b-80f455accd44,DIOPSIS-231_2025-07-22T19:24:57+02:00.jpg
9c584454-300e-4ebc-99b3-56208eabc6a6,DIOPSIS-231_2025-06-05T01:34:28+02:00.jpg
9f2aaf16-c09f-4f74-b7eb-286f285e3ea7,DIOPSIS-231_2025-07-24T01:32:05+02:00.jpg
a23175ee-d3ec-4304-a643-6921d54d10a6,DIOPSIS-231_2025-07-18T21:20:30+02:00.jpg
a6321fef-7c4f-4b2b-a5c5-75894dff9ed6,DIOPSIS-231_2025-07-20T19:08:38+02:00.jpg
a68f6dcb-b7bc-473e-93f1-271a7c6f9d61,DIOPSIS-231_2025-06-09T14:01:13+02:00.jpg
bdeb7332-4b80-44e2-b251-b5e01fde657e,DIOPSIS-231_2025-07-24T17:43:50+02:00.jpg
eeeaae7a-9e1f-4fbd-b7b3-9ca08a9062cc,DIOPSIS-231_2025-07-29T03:39:18+02:00.jpg
f77d7af8-e16b-42bb-817a-475d7a4faaf6,DIOPSIS-231_2025-07-19T22:46:47+02:00.jpg
fc681d6b-4468-4750-af50-2c1a3fe9c7c4,DIOPSIS-231_2025-08-15T20:44:43+02:00.jpg
fea8f7b6-dfee-403d-880b-2c206f66e964,DIOPSIS-231_2025-07-02T02:18:51+02:00.jpg
005668b3-c835-45fe-b948-2034593da30a,DIOPSIS-231_2025-08-12T22:45:41+02:00.jpg
0b49444d-0dda-424e-9a7a-8daa1d4ecc87,DIOPSIS-231_2025-06-18T22:30:35+02:00.jpg
0db34f83-981f-4025-9a32-30b787a994b9,DIOPSIS-231_2025-07-02T02:19:21+02:00.jpg
14c30f41-ab81-49ad-8fb9-272093c3dec3,DIOPSIS-231_2025-08-15T22:02:17+02:00.jpg
1d41b186-5c1c-4821-995f-fbcfc5384018,DIOPSIS-231_2025-08-14T23:05:13+02:00.jpg
1f8dbfb4-6287-451d-b0d4-02d48c64c7f7,DIOPSIS-231_2025-07-19T04:50:39+02:00.jpg
2041424b-d9f6-4137-af7a-2bb1656dbae1,DIOPSIS-231_2025-07-19T22:53:25+02:00.jpg
2af7ce84-1a60-4205-8ed8-2d8feab7c6dd,DIOPSIS-231_2025-06-14T00:44:27+02:00.jpg
3f102ec0-e1e9-4bf9-9680-6fe9ab8a3855,DIOPSIS-231_2025-07-19T04:54:47+02:00.jpg
4824906f-b148-414c-9970-590e001f9a76,DIOPSIS-231_2025-06-22T14:16:28+02:00.jpg
4becf5c2-0fef-45ec-819e-b26d8f8f89f2,DIOPSIS-231_2025-08-14T21:41:21+02:00.jpg
4f89f875-28b5-4a7a-9d9e-6ee33a441398,DIOPSIS-231_2025-06-16T04:28:05+02:00.jpg
54c488cb-b424-46ad-965f-5402b8bc4e23,DIOPSIS-231_2025-06-06T21:41:51+02:00.jpg
5ab7c970-13d3-4188-8ac5-8d577bab7686,DIOPSIS-231_2025-07-14T02:43:50+02:00.jpg
5eb6c729-dafa-419e-8dd1-e01421ecae7d,DIOPSIS-231_2025-08-14T00:31:54+02:00.jpg
6ad48a61-9b95-4835-a86f-a15fa2f16758,DIOPSIS-231_2025-08-12T20:54:27+02:00.jpg
73fd59ef-9a10-4c0e-8ad2-dcd4b3d89b4b,DIOPSIS-231_2025-08-15T22:30:18+02:00.jpg
75b70498-f7e5-44b9-8ef0-7d6dce8da0bc,DIOPSIS-231_2025-08-17T08:49:45+02:00.jpg
79e44a2d-1819-4826-8b74-1ac9506a529f,DIOPSIS-231_2025-08-17T15:00:45+02:00.jpg
812b964e-f622-4ade-afdb-e0014e863957,DIOPSIS-231_2025-07-13T17:57:42+02:00.jpg
831d1fee-64c2-46c1-b48e-5c8b37cb9bdc,DIOPSIS-231_2025-08-15T11:18:24+02:00.jpg
84e949b4-9e0f-40fd-9af6-821dff2bc441,DIOPSIS-231_2025-06-18T00:00:12+02:00.jpg
9395188b-1c6e-4181-9e8b-5fb9e0933d29,DIOPSIS-231_2025-08-18T10:00:19+02:00.jpg
a3074b18-c408-4cb7-a2bc-067f4b5f7499,DIOPSIS-231_2025-08-11T12:05:15+02:00.jpg
b49fb634-1d86-4717-b824-5a6dd6faf96e,DIOPSIS-231_2025-07-14T03:44:56+02:00.jpg
c123396f-3ffd-41e6-b665-c2a89bc4f17b,DIOPSIS-231_2025-06-14T23:28:29+02:00.jpg
cef22926-14cb-4aed-af19-13a193d24a4a,DIOPSIS-231_2025-06-15T00:08:52+02:00.jpg
d3538a3f-bd6b-45bf-ae22-daf2a6f7531d,DIOPSIS-231_2025-06-19T03:44:45+02:00.jpg
dfe96823-0be6-427d-a9cb-763bae3d2e4c,DIOPSIS-231_2025-07-02T06:09:24+02:00.jpg
e36012fa-b2d0-41f9-b473-3b21ce0a5c92,DIOPSIS-231_2025-07-11T23:42:23+02:00.jpg
ede4a092-9d23-4183-863b-8503dbc32994,DIOPSIS-231_2025-08-07T15:52:21+02:00.jpg
f9514ed6-b07f-4460-8a10-607ac942af85,DIOPSIS-231_2025-06-10T03:00:41+02:00.jpg
0546815b-9a60-44bc-9479-82b4c7ca8095,DIOPSIS-231_2025-06-13T00:35:36+02:00.jpg
0786ea6f-5cc8-4380-9e3d-1fd9f096fea5,DIOPSIS-231_2025-08-17T09:59:38+02:00.jpg
0e6ebd21-addf-4a90-8104-d9234ce8bb3b,DIOPSIS-231_2025-07-26T22:09:32+02:00.jpg
10500413-9da0-4990-85ea-2f88542d9c97,DIOPSIS-231_2025-07-24T00:40:15+02:00.jpg
17f14383-2efd-4aa6-adda-f4848ba23ace,DIOPSIS-231_2025-08-15T13:13:50+02:00.jpg
2cacdf39-8861-46f7-9286-c69709d1c9c9,DIOPSIS-231_2025-08-09T20:23:17+02:00.jpg
2d34fa4f-b571-45f3-8818-cbb3680ce1ad,DIOPSIS-231_2025-06-25T03:10:44+02:00.jpg
3b27bb89-747e-4e97-8094-b41f15caac6e,DIOPSIS-231_2025-08-14T22:08:19+02:00.jpg
4282583e-3088-4b90-966c-c8cbcbf34ef9,DIOPSIS-231_2025-07-25T05:13:52+02:00.jpg
51cf5d30-5bf2-47cc-8122-7f407da39c9f,DIOPSIS-231_2025-08-05T21:03:33+02:00.jpg
56123000-fedc-4850-a255-8c66a960f330,DIOPSIS-231_2025-07-01T03:34:46+02:00.jpg
637d67bd-d072-4201-b917-bd800f1d39cc,DIOPSIS-231_2025-06-07T00:27:33+02:00.jpg
6fd6b9d3-e559-47a9-bff7-78c20e154e73,DIOPSIS-231_2025-08-09T18:40:30+02:00.jpg
76f72e54-8efe-40ef-999d-6f44bfa94d29,DIOPSIS-231_2025-06-10T00:25:03+02:00.jpg
808e1a8a-dc5b-4dfa-a929-8cb07b681b4b,DIOPSIS-231_2025-06-10T02:13:52+02:00.jpg
8d205626-a0a8-424d-a71e-f655bb99edb1,DIOPSIS-231_2025-07-28T05:14:53+02:00.jpg
8d3f2bcb-58fa-4505-a2e8-8df6884f26d3,DIOPSIS-231_2025-06-14T02:21:00+02:00.jpg
9163ef28-d032-4151-806e-f0af58f71396,DIOPSIS-231_2025-07-01T01:12:48+02:00.jpg
917255f3-beab-4615-8fa1-81b6ad8e66bf,DIOPSIS-231_2025-06-09T10:28:38+02:00.jpg
91de2e7f-e9ed-4ebe-bc32-23789e077242,DIOPSIS-231_2025-08-13T17:25:35+02:00.jpg
97ff2862-8a98-4231-baaa-2d3fb331839b,DIOPSIS-231_2025-08-18T17:52:57+02:00.jpg
a205e66b-eb46-462a-b136-bc4ff33fa746,DIOPSIS-231_2025-07-13T00:33:54+02:00.jpg
a8b3ae19-8937-482f-928e-381c21beea6e,DIOPSIS-231_2025-06-28T01:06:58+02:00.jpg
ac4e2088-0c7f-4bfe-b725-3e14b86ca7e3,DIOPSIS-231_2025-07-28T05:05:23+02:00.jpg
b4fab02f-d75f-40d9-930b-b0d2bdf58278,DIOPSIS-231_2025-08-11T20:55:22+02:00.jpg
b7df2fc8-8f5b-4b13-ac84-6d2bb6b23df1,DIOPSIS-231_2025-07-02T06:54:12+02:00.jpg
ba2dabb9-9d5c-4f69-a853-9e9cbccda697,DIOPSIS-231_2025-08-15T08:10:34+02:00.jpg
bacc64c7-b512-4148-a068-234dfcad9a6e,DIOPSIS-231_2025-08-15T03:56:47+02:00.jpg
d90cebd5-78cf-4fa0-8a9b-1c8837d68fff,DIOPSIS-231_2025-06-10T00:44:50+02:00.jpg
e112e038-bafc-49f4-b325-13095e8ae9c7,DIOPSIS-231_2025-07-01T07:21:34+02:00.jpg
e4af2e1c-482e-4d24-84da-9db6dd53b7f2,DIOPSIS-231_2025-06-22T01:01:27+02:00.jpg
ee5db892-1897-400f-b9a2-2ea14c722608,DIOPSIS-231_2025-06-14T23:21:15+02:00.jpg
010df8e6-2f86-4604-97f4-a1d1ae23af34,DIOPSIS-231_2025-06-21T23:40:31+02:00.jpg
15609a41-5c02-4171-ac2e-c94fa91a74e9,DIOPSIS-231_2025-06-16T03:53:23+02:00.jpg
17a7a47d-4dd6-4434-826a-825b9e4bd42d,DIOPSIS-231_2025-06-18T23:26:02+02:00.jpg
1b038e7c-d21c-4779-81f8-776e9c9e2455,DIOPSIS-231_2025-06-10T04:29:35+02:00.jpg
2e5e3f69-db4d-47ab-91b8-31601c466047,DIOPSIS-231_2025-06-16T03:43:35+02:00.jpg
2feaa6b4-535f-49ce-9ed4-24326ad6ad10,DIOPSIS-231_2025-07-28T01:48:38+02:00.jpg
3f9b3785-2557-4e06-893b-5ac46753e06a,DIOPSIS-231_2025-06-21T03:04:32+02:00.jpg
416c332a-e46b-44ab-8cf4-42d0a96c9d06,DIOPSIS-231_2025-06-14T23:42:54+02:00.jpg
49455dc4-1b3c-4508-917b-f2998848b197,DIOPSIS-231_2025-07-22T22:37:27+02:00.jpg
4a3dfe75-a1ce-40e5-bff0-75a004ce1c6d,DIOPSIS-231_2025-06-13T02:43:13+02:00.jpg
4adc9ef1-9693-4783-b96c-85f22b312d58,DIOPSIS-231_2025-06-07T22:23:17+02:00.jpg
4c04765d-8a38-4898-877f-031760abe6d3,DIOPSIS-231_2025-06-10T01:15:19+02:00.jpg
4ee9c58d-ddb4-4d18-a4dd-ceadd92d2f15,DIOPSIS-231_2025-07-29T23:37:14+02:00.jpg
50126f32-b227-4b11-a245-8d8d11564b42,DIOPSIS-231_2025-08-16T03:40:06+02:00.jpg
5156024d-b1f7-4224-b464-22513379b5f1,DIOPSIS-231_2025-07-20T22:57:58+02:00.jpg
62c7df38-0e95-4a4c-9b3f-eb7cb33a39f2,DIOPSIS-231_2025-08-06T23:36:37+02:00.jpg
7021498d-d13f-4d09-afd6-7dc343b8c4e2,DIOPSIS-231_2025-08-13T22:38:59+02:00.jpg
7793d1f7-a1a9-4773-9bb2-10ab9c46ba0e,DIOPSIS-231_2025-07-28T00:05:06+02:00.jpg
78f1b143-e9c6-4fb2-8aa7-5d6a4fbd41da,DIOPSIS-231_2025-07-28T01:23:25+02:00.jpg
7cc80b0f-29f5-4daa-b2a1-883e37ff2285,DIOPSIS-231_2025-07-28T04:39:15+02:00.jpg
855b9219-ac19-48af-a7dc-2ad443c1b7a1,DIOPSIS-231_2025-07-28T01:09:41+02:00.jpg
8b828c01-c10d-4525-a304-42807affdeca,DIOPSIS-231_2025-07-14T08:53:15+02:00.jpg
8bdf389c-6839-412f-952f-7448fa908e28,DIOPSIS-231_2025-07-14T01:25:52+02:00.jpg
9ab5c5b9-397f-4960-99f7-4b70a2943134,DIOPSIS-231_2025-08-14T22:24:04+02:00.jpg
a6d9eed7-4018-43c1-89a9-8312b5191cfb,DIOPSIS-231_2025-06-22T00:23:58+02:00.jpg
a8687679-3b83-4ce8-9689-438518ec2321,DIOPSIS-231_2025-07-30T01:00:31+02:00.jpg
be056926-c940-4596-8476-e56025589f9c,DIOPSIS-231_2025-08-15T16:52:36+02:00.jpg
c1b5a340-8cc2-4e4e-95d8-61b9cd879146,DIOPSIS-231_2025-07-19T04:17:05+02:00.jpg
c9086889-6366-409e-8562-67e842116e55,DIOPSIS-231_2025-07-19T00:34:16+02:00.jpg
d3a762a1-27bc-47a1-bbef-7e7c05ecda92,DIOPSIS-231_2025-08-08T02:15:14+02:00.jpg
f415061a-4991-449d-8bfe-0ebba20345d3,DIOPSIS-231_2025-08-15T17:45:30+02:00.jpg
f912e704-8f2c-460b-9d3a-0b0669ec3dbb,DIOPSIS-231_2025-07-19T04:45:14+02:00.jpg
055225fd-afaf-4839-9023-b49776ae5706,DIOPSIS-231_2025-06-06T23:12:27+02:00.jpg
05be26d8-138b-42c7-b0b5-b06c35c2c82b,DIOPSIS-231_2025-08-12T00:57:07+02:00.jpg
0a8c76ef-3f80-4135-a435-d56bdb7d9be0,DIOPSIS-231_2025-07-01T02:30:22+02:00.jpg
373bfec5-60b0-4268-9efa-8100d206aaaa,DIOPSIS-231_2025-07-14T12:50:20+02:00.jpg
380dd8e5-38ae-414d-82e6-2b6e9d3176f0,DIOPSIS-231_2025-08-16T17:04:54+02:00.jpg
3a9162aa-24d4-4d87-8826-ba71baa07ecf,DIOPSIS-231_2025-06-15T02:03:31+02:00.jpg
54098df6-9aa8-4234-9995-6780fa3c8f84,DIOPSIS-231_2025-07-28T06:05:30+02:00.jpg
578b99a6-e1bb-411e-a70f-bd6263845472,DIOPSIS-231_2025-07-26T22:54:00+02:00.jpg
5baea5b7-009d-4d34-a905-621e5859df82,DIOPSIS-231_2025-08-14T22:37:08+02:00.jpg
5f76b899-d1d6-486c-a54f-b46609e1ef5e,DIOPSIS-231_2025-06-16T03:28:17+02:00.jpg
61027949-25c2-4621-baf6-d2eb8502f9c5,DIOPSIS-231_2025-08-15T21:54:45+02:00.jpg
61b1e8b7-4424-4798-aa4c-18aa092bd89e,DIOPSIS-231_2025-07-02T01:17:11+02:00.jpg
61ccb4d7-873b-4d4c-a2be-a0b48b474a73,DIOPSIS-231_2025-07-28T05:34:01+02:00.jpg
73393e51-ede7-413f-9160-2677e68f72e5,DIOPSIS-231_2025-08-14T01:58:09+02:00.jpg
77ccee31-1f71-4013-ad2c-982896b32364,DIOPSIS-231_2025-08-10T17:16:47+02:00.jpg
82f4df31-467f-4187-9f32-aef1f7481c64,DIOPSIS-231_2025-07-30T01:33:08+02:00.jpg
8edf1e74-4cc9-4038-bba2-5800368ea5f7,DIOPSIS-231_2025-07-23T01:19:48+02:00.jpg
903325a7-fa0a-4176-b102-ddee8ec3930a,DIOPSIS-231_2025-08-06T14:45:08+02:00.jpg
98a9dc40-0210-4541-b7d1-83faf8dcefb8,DIOPSIS-231_2025-08-13T22:12:18+02:00.jpg
9ff74716-461b-408e-b348-d633ebe7276d,DIOPSIS-231_2025-06-28T01:20:15+02:00.jpg
a925dd47-4ea5-42f2-b0d8-e18dc0f0f568,DIOPSIS-231_2025-07-01T22:59:11+02:00.jpg
b4417bfd-27ab-4266-aa0a-c7d48ee73201,DIOPSIS-231_2025-07-18T01:28:39+02:00.jpg
b6d972c0-4f34-405b-ac45-e8c0c0ad55bb,DIOPSIS-231_2025-08-11T16:43:41+02:00.jpg
b7365e93-023b-4237-a641-ea802083111f,DIOPSIS-231_2025-06-25T02:06:05+02:00.jpg
c8f2f683-ed89-4c7c-9001-48737432cb24,DIOPSIS-231_2025-08-15T21:44:45+02:00.jpg
d5547a82-e827-4314-8110-ad77d881fc54,DIOPSIS-231_2025-06-19T03:57:57+02:00.jpg
d90a7dfa-1093-43fb-bcc8-47fe73dde8a2,DIOPSIS-231_2025-06-26T03:05:49+02:00.jpg
e103f65b-5931-4c88-b916-b0d4f24ff86f,DIOPSIS-231_2025-07-29T01:27:29+02:00.jpg
ee8dd019-7cfe-40bd-914f-131b44298baa,DIOPSIS-231_2025-07-21T02:47:27+02:00.jpg
ef145f58-292e-4ae9-9bad-d468210f9b84,DIOPSIS-231_2025-06-24T01:19:00+02:00.jpg
f6336c81-4196-4971-b858-c5ab262ff73d,DIOPSIS-231_2025-07-27T08:15:53+02:00.jpg
fc332160-0a2f-4e2f-9ac1-9bc1db3a599a,DIOPSIS-231_2025-08-09T15:22:28+02:00.jpg
059a5b52-d7eb-4efa-a665-3d9d8cb9432a,DIOPSIS-231_2025-08-12T15:48:16+02:00.jpg
0a21d4e4-3b01-4367-8f83-41494438b9f9,DIOPSIS-231_2025-08-15T03:13:10+02:00.jpg
10db8d34-af92-4e0d-962c-6f45927e00ca,DIOPSIS-231_2025-06-12T23:13:13+02:00.jpg
1752ae90-3273-4028-80e6-11a3a5951027,DIOPSIS-231_2025-07-14T01:43:55+02:00.jpg
20105137-588c-42f0-b705-f7fa762bcadc,DIOPSIS-231_2025-06-10T03:10:25+02:00.jpg
2897ddef-ace1-4ff8-a963-5a11e46d67fd,DIOPSIS-231_2025-06-10T01:34:26+02:00.jpg
2d85f723-8040-4f3c-9eb3-2d1b090f8bcb,DIOPSIS-231_2025-07-02T02:13:36+02:00.jpg
37b08832-559c-4f5f-a22a-cfd697d6817f,DIOPSIS-231_2025-06-22T01:34:49+02:00.jpg
48ac6167-2c29-4a82-9124-6212b2e888b6,DIOPSIS-231_2025-06-16T00:42:57+02:00.jpg
4c3c4de4-dc54-49c3-b262-1dfc9180f6d5,DIOPSIS-231_2025-06-14T00:53:15+02:00.jpg
6a050f43-8a08-452a-b7c6-edccf02159bd,DIOPSIS-231_2025-08-15T00:31:04+02:00.jpg
7f24d3c8-e498-488a-8c62-544d7414e22e,DIOPSIS-231_2025-07-30T02:06:10+02:00.jpg
83a5370d-58a2-4246-b3f3-be2f3326c86a,DIOPSIS-231_2025-07-21T04:48:05+02:00.jpg
977eda46-1ca3-4218-8fe7-727560de6b75,DIOPSIS-231_2025-06-26T03:45:58+02:00.jpg
9b32ba0d-0ff4-49ad-91dc-9c0692107dbd,DIOPSIS-231_2025-08-18T20:31:37+02:00.jpg
9e9cc705-9ad8-49a2-aa43-b73485dde940,DIOPSIS-231_2025-08-14T08:56:49+02:00.jpg
a4b5bf72-8e16-41d8-ac5d-1f31e58d83ed,DIOPSIS-231_2025-08-14T01:19:36+02:00.jpg
ad268d8f-28d5-4796-aac8-77d428c4b523,DIOPSIS-231_2025-06-26T03:10:57+02:00.jpg
af1e24d5-854f-458f-93f8-3133f15e9e32,DIOPSIS-231_2025-07-01T23:35:36+02:00.jpg
b05d001d-119b-4d45-a979-d5998b99d996,DIOPSIS-231_2025-07-21T03:56:00+02:00.jpg
b351d9aa-16b5-4d8d-b29b-e6d5560a7591,DIOPSIS-231_2025-06-22T03:01:20+02:00.jpg
cc7a2a34-dabf-4067-9ef8-3b47dc6053cb,DIOPSIS-231_2025-08-06T02:04:15+02:00.jpg
cd81a041-c853-4649-86f7-5e1477e59056,DIOPSIS-231_2025-06-22T00:07:39+02:00.jpg
d1b11807-ceb4-4b7b-abaa-d89fdcb0534a,DIOPSIS-231_2025-06-15T00:26:32+02:00.jpg
d2c6b1c2-b9c5-4a13-a3ec-d9a2677506ec,DIOPSIS-231_2025-08-14T07:46:01+02:00.jpg
d2deb91a-8c60-48c9-afec-5e58086e716e,DIOPSIS-231_2025-06-20T00:33:10+02:00.jpg
d74ca1b7-ab40-402b-90ca-b044744991b1,DIOPSIS-231_2025-06-21T23:14:42+02:00.jpg
d7dff2d5-8d1a-4ea6-84c1-64359115d50b,DIOPSIS-231_2025-08-14T22:59:45+02:00.jpg
d8de386c-b21a-4825-9c69-14dceb370885,DIOPSIS-231_2025-07-29T03:58:15+02:00.jpg
f24b4917-79f0-43c3-b4d2-6a016d1b7a67,DIOPSIS-231_2025-07-02T00:38:58+02:00.jpg
fb578e9b-f4f3-4bd9-9f6a-72c2dc5de4b7,DIOPSIS-231_2025-07-13T23:03:07+02:00.jpg
fd188015-60b9-45e6-bbd4-db4ce7410961,DIOPSIS-231_2025-06-26T03:07:49+02:00.jpg
03a415b0-436e-4c84-b812-98f04ecc6ea9,DIOPSIS-231_2025-08-05T23:02:08+02:00.jpg
17d5e604-64e3-4e8d-9438-87eae2cadd50,DIOPSIS-231_2025-06-14T23:21:41+02:00.jpg
1b79f56b-27f9-4cee-ad4a-8d066fdb8195,DIOPSIS-231_2025-07-01T02:27:14+02:00.jpg
23be30ce-fe82-4c60-ad66-1c448ff318ba,DIOPSIS-231_2025-07-17T08:03:42+02:00.jpg
2e709f64-4c63-4279-afea-77cd1aca467c,DIOPSIS-231_2025-06-25T01:30:38+02:00.jpg
413a63f3-e6e7-4688-a3b5-2488728daf9c,DIOPSIS-231_2025-06-19T09:24:09+02:00.jpg
5861cfad-ad91-459e-adaf-ee2c25835b32,DIOPSIS-231_2025-06-08T21:35:08+02:00.jpg
5cac091c-a709-4385-9ca5-15d77680bdf1,DIOPSIS-231_2025-06-19T08:09:14+02:00.jpg
7d9af61e-829b-493a-b654-4038171bc96e,DIOPSIS-231_2025-07-01T01:40:08+02:00.jpg
80146ac9-fa50-48b1-b580-1e790474889b,DIOPSIS-231_2025-07-28T12:34:03+02:00.jpg
81832119-8742-4794-b7fd-36dde3c62efb,DIOPSIS-231_2025-06-22T02:41:38+02:00.jpg
84c2e2a7-be53-4ff4-a6c9-f7e3c262e26f,DIOPSIS-231_2025-07-25T00:28:55+02:00.jpg
8d5939e4-eb16-4580-a6f2-da974bc59a3f,DIOPSIS-231_2025-06-10T02:07:10+02:00.jpg
8e535bf9-2869-4780-8825-305a60ee9d8c,DIOPSIS-231_2025-06-21T09:39:42+02:00.jpg
902c09ad-ab9f-4ff8-821c-409c2ab7efab,DIOPSIS-231_2025-06-24T18:33:04+02:00.jpg
a5c21ef6-d22e-42f1-8563-00976fdae132,DIOPSIS-231_2025-06-13T18:45:00+02:00.jpg
a889c653-641a-4243-8748-dd9fba2f1209,DIOPSIS-231_2025-06-10T08:58:58+02:00.jpg
a88c1c4d-cbb3-4591-8609-36ec5989d2b2,DIOPSIS-231_2025-08-16T02:47:59+02:00.jpg
aba6990e-6e6f-4aca-94e9-5e7c4bfd4317,DIOPSIS-231_2025-06-19T14:43:38+02:00.jpg
bba50383-30e0-4c23-ada6-6a0e80c281dc,DIOPSIS-231_2025-06-14T18:23:54+02:00.jpg
c03286a7-c4fe-4cbb-baa5-ccb9c6574638,DIOPSIS-231_2025-06-09T22:40:10+02:00.jpg
c0e2802e-2947-4db5-b896-937c42be2dbc,DIOPSIS-231_2025-06-22T20:01:09+02:00.jpg
ca895dca-aed9-450d-9df1-b23e2f4e0edf,DIOPSIS-231_2025-06-09T22:39:38+02:00.jpg
cf441e40-a108-4900-8f5a-3b864b3c7a61,DIOPSIS-231_2025-06-18T13:09:11+02:00.jpg
d41c15a0-5e09-4553-9282-47ab12dc8bfe,DIOPSIS-231_2025-06-27T22:44:54+02:00.jpg
dd83f687-1e9b-4c0f-9a0a-d69ea24e9ee6,DIOPSIS-231_2025-07-29T22:57:50+02:00.jpg
df5aeb56-3eed-4efe-92a5-88ec775a4b6e,DIOPSIS-231_2025-06-27T19:09:25+02:00.jpg
e638a4e1-7223-448e-a009-3f051b3da3dd,DIOPSIS-231_2025-06-19T13:51:25+02:00.jpg
e89607f2-1620-46de-8ee5-1494ea6029b2,DIOPSIS-231_2025-06-19T10:52:45+02:00.jpg
f0507b3b-a582-4b5e-b29b-82871870b5eb,DIOPSIS-231_2025-06-10T00:19:59+02:00.jpg
f60af766-7232-4a03-a85f-52ed33b5005a,DIOPSIS-231_2025-06-09T10:23:47+02:00.jpg
fcbe4858-1872-4a87-8227-262b131576bc,DIOPSIS-231_2025-06-14T02:30:29+02:00.jpg
01eb51bd-c7ee-4610-80d0-3f849aa92c14,DIOPSIS-231_2025-07-26T09:06:34+02:00.jpg
022f7b4f-8f10-4854-a3c5-94755e2cc0f2,DIOPSIS-231_2025-07-26T22:41:58+02:00.jpg
13921f78-3435-40a4-a7aa-f0ec70248e59,DIOPSIS-231_2025-07-12T19:20:53+02:00.jpg
30775796-c619-4af2-907d-7ac22d8683fb,DIOPSIS-231_2025-07-12T16:17:01+02:00.jpg
36d1c2f4-43f0-4235-9ef3-72a91f0299b1,DIOPSIS-231_2025-07-18T09:33:06+02:00.jpg
3eeb6aeb-553f-4c4c-816d-75ed40d678f0,DIOPSIS-231_2025-06-10T04:25:17+02:00.jpg
64436383-2822-4fdd-b295-5f69c69a7565,DIOPSIS-231_2025-06-10T00:11:53+02:00.jpg
749b6a0f-e620-4f7e-9a08-14126cd84dd3,DIOPSIS-231_2025-07-15T17:58:04+02:00.jpg
76d46400-bf7e-4c9d-a0b0-493e59026091,DIOPSIS-231_2025-06-22T01:03:36+02:00.jpg
7834c4bd-7179-40a8-a5d4-01e77b4804e1,DIOPSIS-231_2025-06-13T04:02:17+02:00.jpg
7e75856e-a917-4e50-b4eb-7076e979aa72,DIOPSIS-231_2025-07-24T12:32:30+02:00.jpg
8988da28-73bb-4c6b-89bc-0de7715465c6,DIOPSIS-231_2025-07-27T22:55:15+02:00.jpg
8c238eac-b70d-4ba5-b916-08f2e5c24884,DIOPSIS-231_2025-06-14T03:05:42+02:00.jpg
8eae0694-edaf-4f00-b6b5-40b97b728246,DIOPSIS-231_2025-06-10T02:09:36+02:00.jpg
913bf0b2-01b7-44c9-9f95-a52c50017656,DIOPSIS-231_2025-07-13T17:52:32+02:00.jpg
a580a3a1-f89e-4139-94e3-b337f268bbb7,DIOPSIS-231_2025-07-27T10:41:24+02:00.jpg
a96a6d24-c97d-4b50-a99c-ef7217be70a1,DIOPSIS-231_2025-07-09T21:30:41+02:00.jpg
b608294f-e903-41a8-832c-3f5c3690bb9e,DIOPSIS-231_2025-06-22T03:23:46+02:00.jpg
c00713ea-a476-42bd-b6b6-cccd2052e2da,DIOPSIS-231_2025-07-01T01:24:23+02:00.jpg
c89603cb-e94c-4492-86dd-924cf9ab22c0,DIOPSIS-231_2025-06-22T03:44:49+02:00.jpg
cda8279b-49a9-435e-be30-87bd90af46f0,DIOPSIS-231_2025-06-25T23:46:51+02:00.jpg
d246cc52-dc75-497b-847a-0ce5b6b9d5d8,DIOPSIS-231_2025-06-28T23:06:06+02:00.jpg
d47d798a-969d-4b9b-937e-8a59618158b0,DIOPSIS-231_2025-07-21T11:13:54+02:00.jpg
d9051f51-7c9e-49ad-8bec-d6f11d779a23,DIOPSIS-231_2025-07-13T13:54:31+02:00.jpg
de0efae2-f3e7-4f49-b125-96068fb88db6,DIOPSIS-231_2025-07-27T13:14:25+02:00.jpg
dec02fa9-6205-42f2-ab73-df095bc675e8,DIOPSIS-231_2025-06-10T00:36:18+02:00.jpg
e5a0d4af-4e3a-4f5c-9f5f-40e688c7b032,DIOPSIS-231_2025-06-15T02:46:18+02:00.jpg
eabc46e7-117b-4065-a3e0-8efafadac056,DIOPSIS-231_2025-07-27T18:00:36+02:00.jpg
ee2084d3-5416-4297-9929-bd8c76e6cef3,DIOPSIS-231_2025-06-22T01:38:44+02:00.jpg
ee5ef4b3-a97d-4436-a97a-0f9252a9d707,DIOPSIS-231_2025-07-26T21:03:22+02:00.jpg
f7afe588-b096-48e4-a9d4-20ed0050fcd6,DIOPSIS-231_2025-07-25T15:58:42+02:00.jpg
fe2b3277-e389-4407-af89-aaf4f48f93b5,DIOPSIS-231_2025-07-27T14:45:49+02:00.jpg
001ad062-40dd-4ebf-a688-32b14290448b,DIOPSIS-231_2025-07-26T03:29:47+02:00.jpg
131a347f-1c7a-40c2-84e0-392dc294e37a,DIOPSIS-231_2025-08-10T20:58:43+02:00.jpg
176dc672-b7ef-460c-bd81-c6d73ce2f7ac,DIOPSIS-231_2025-08-16T15:48:46+02:00.jpg
18149a4b-d95a-4b64-9b0d-adf7570fe610,DIOPSIS-231_2025-07-28T05:32:35+02:00.jpg
1cae7954-b7ba-49e1-8ee8-510650b88a1e,DIOPSIS-231_2025-07-14T03:08:55+02:00.jpg
21fcab37-fb08-4d49-b34b-49ca7dc5e9d3,DIOPSIS-231_2025-07-28T03:43:21+02:00.jpg
230f5e09-4c4d-43ab-ac5e-1344fb880f90,DIOPSIS-231_2025-07-19T03:25:52+02:00.jpg
2855343b-13a8-4cbd-8b86-fd0bfe36c76a,DIOPSIS-231_2025-08-18T11:14:28+02:00.jpg
3732170a-2989-4a57-bbbc-356999c54e10,DIOPSIS-231_2025-07-27T04:54:12+02:00.jpg
37d019b2-532b-4488-8103-b2808cd861d5,DIOPSIS-231_2025-07-02T00:19:39+02:00.jpg
432ab4b3-22fc-4d1e-9e89-4e8b1225dae4,DIOPSIS-231_2025-08-12T22:37:55+02:00.jpg
45466c97-9252-458c-b44a-271d990e7b96,DIOPSIS-231_2025-07-12T03:25:54+02:00.jpg
46d9b7d0-eb65-4107-9a51-834717fce224,DIOPSIS-231_2025-07-28T00:41:26+02:00.jpg
4958cc87-e481-4a81-82dc-235ad5971402,DIOPSIS-231_2025-07-12T00:53:04+02:00.jpg
4aee9943-d25a-42b7-8df7-928d737e782e,DIOPSIS-231_2025-07-19T02:19:50+02:00.jpg
5eee4a22-5ffc-46f8-a135-663904d162d9,DIOPSIS-231_2025-08-05T22:35:55+02:00.jpg
69cc3ebc-a4ff-494f-b95a-6d2e3f0157fc,DIOPSIS-231_2025-07-13T23:14:03+02:00.jpg
6d1b6b0d-9532-4f90-ad87-e283d8a10fda,DIOPSIS-231_2025-08-10T22:29:01+02:00.jpg
6d35f2ea-7730-47f5-93a8-1000db6000c4,DIOPSIS-231_2025-07-24T01:32:39+02:00.jpg
82699a1d-461c-412f-9a7f-6887d9c18a2d,DIOPSIS-231_2025-08-10T22:21:33+02:00.jpg
85a1bdbf-ef54-4804-a12a-2f31a5161541,DIOPSIS-231_2025-07-27T03:07:37+02:00.jpg
876a8ffc-bedf-47de-a3aa-08a7a9d7b854,DIOPSIS-231_2025-07-30T03:10:33+02:00.jpg
876c1a7c-d264-4cc7-83de-1ecbbef0a60c,DIOPSIS-231_2025-08-11T22:52:09+02:00.jpg
9fa9cfdb-d527-44c3-aca4-592f0d1b2aea,DIOPSIS-231_2025-08-14T22:47:05+02:00.jpg
a2859f3c-49a4-4434-9021-af884fb5801e,DIOPSIS-231_2025-07-19T23:26:53+02:00.jpg
a52a9cf7-7050-4e33-8694-a4b2874ab05e,DIOPSIS-231_2025-07-02T04:04:25+02:00.jpg
b93e7830-32ed-4f07-a02e-9a02df524b30,DIOPSIS-231_2025-07-18T22:57:15+02:00.jpg
bcc0c2e1-47cc-49ac-965c-4b93cefa6b5e,DIOPSIS-231_2025-08-14T21:55:40+02:00.jpg
cd0894c8-73c2-4322-bb30-0155ff5c395c,DIOPSIS-231_2025-07-19T01:52:48+02:00.jpg
d12e88e2-d2e2-4315-a4ff-b63c2897c6ca,DIOPSIS-231_2025-07-14T15:22:33+02:00.jpg
fd4e860f-ee59-427c-b52c-91f07e0f01f4,DIOPSIS-231_2025-08-14T20:23:06+02:00.jpg
fed04661-562c-4bbd-8fe2-e1c9c03e14f1,DIOPSIS-231_2025-07-25T05:24:22+02:00.jpg
0897f7e7-88b2-48ab-9a28-07367658a1e8,DIOPSIS-231_2025-08-14T09:43:07+02:00.jpg
0d921e55-f8cc-470b-9066-09590227f202,DIOPSIS-231_2025-08-12T23:18:15+02:00.jpg
20890c2e-45d0-4d03-8565-bec12e1a7f96,DIOPSIS-231_2025-08-14T01:09:45+02:00.jpg
361770e4-1dba-4c4c-b913-939d57122ba3,DIOPSIS-231_2025-08-11T23:16:03+02:00.jpg
36f88d5b-9430-4fff-8359-5cd899210a10,DIOPSIS-231_2025-08-08T13:30:24+02:00.jpg
4206a237-6730-4733-b96f-6334c0be4cc9,DIOPSIS-231_2025-08-07T00:13:02+02:00.jpg
43f15df4-7814-46b8-b68c-d8b9320a0727,DIOPSIS-231_2025-08-14T22:24:34+02:00.jpg
4b89e0ab-906e-4577-b0e2-42b0f8fcfa39,DIOPSIS-231_2025-08-08T03:34:20+02:00.jpg
52343ffe-daf3-4b0e-92d8-63b800f4ef9a,DIOPSIS-231_2025-08-11T23:56:53+02:00.jpg
53cf673e-cfcd-4751-aa31-daab6f147ed8,DIOPSIS-231_2025-08-05T23:15:33+02:00.jpg
588ce466-4a0e-4192-83aa-0733edf76e67,DIOPSIS-231_2025-08-15T11:08:54+02:00.jpg
700f17cf-aeac-44ab-a6fb-9a8f5ced1e16,DIOPSIS-231_2025-08-14T22:21:11+02:00.jpg
7039cbb5-fa6a-4028-8564-e4887f76ff36,DIOPSIS-231_2025-08-15T22:06:39+02:00.jpg
7f75d30f-bc70-4504-904a-a78b01ea039b,DIOPSIS-231_2025-08-11T23:31:56+02:00.jpg
816aeae0-14e4-416f-849d-f29bde024bec,DIOPSIS-231_2025-08-14T01:11:40+02:00.jpg
88a9b55b-c908-4820-8120-d1fd140d4bc5,DIOPSIS-231_2025-08-13T07:20:26+02:00.jpg
88e30498-73bd-49af-8154-f7d3ce543709,DIOPSIS-231_2025-08-12T23:26:01+02:00.jpg
966c4107-b365-4c54-b45b-c4422fc46d2d,DIOPSIS-231_2025-08-13T23:49:08+02:00.jpg
a058f043-35c1-4c6d-8db8-cf0296c1c5bf,DIOPSIS-231_2025-08-14T02:49:45+02:00.jpg
bc5a28bf-f833-4091-997d-02c6884bbe92,DIOPSIS-231_2025-08-17T13:29:12+02:00.jpg
c93733e2-7519-4e8e-b3bd-a7ead5b95052,DIOPSIS-231_2025-08-14T23:46:11+02:00.jpg
ca5d68c9-26b0-4fea-ade5-a9ed3c5e5ae7,DIOPSIS-231_2025-08-06T00:54:39+02:00.jpg
d2bddf9c-26dd-4a44-a352-096935543bb4,DIOPSIS-231_2025-08-08T23:43:38+02:00.jpg
e706900a-3621-46b3-9ff8-bcc6f5d48f30,DIOPSIS-231_2025-08-15T04:44:19+02:00.jpg
f0229ec7-cafe-4342-8cd3-b736a69fb02d,DIOPSIS-231_2025-08-16T02:44:53+02:00.jpg
f1231551-10ce-475a-858f-b0bc7001de0b,DIOPSIS-231_2025-08-16T02:22:10+02:00.jpg
f49d487a-4839-4447-9a10-2c447fcf800c,DIOPSIS-231_2025-08-18T15:36:13+02:00.jpg
f7a7b326-1f3e-4f3d-a40a-95d8bb1db87f,DIOPSIS-231_2025-08-15T11:07:20+02:00.jpg
fca4dbed-db27-4da9-bcb3-041db3668ddc,DIOPSIS-231_2025-08-14T03:25:58+02:00.jpg
